Id;Year;Month;Day;TSU;EQ;Name;Location;Country;Latitude;Longitude;Elevation;Type;Status;Time;VEI;Agent;DEATHS;DEATHS_DESCRIPTION;MISSING;MISSING_DESCRIPTION;INJURIES;INJURIES_DESCRIPTION;DAMAGE_MILLIONS_DOLLARS;DAMAGE_DESCRIPTION;HOUSES_DESTROYED;HOUSES_DESTROYED_DESCRIPTION;TOTAL_DEATHS;TOTAL_DEATHS_DESCRIPTION;TOTAL_MISSING;TOTAL_MISSING_DESCRIPTION;TOTAL_INJURIES;TOTAL_INJURIES_DESCRIPTION;TOTAL_DAMAGE_MILLIONS_DOLLARS;TOTAL_DAMAGE_DESCRIPTION;TOTAL_HOUSES_DESTROYED;TOTAL_HOUSES_DESTROYED_DESCRIPTION
1;-4360;;;;;Macauley Island;Kermadec Is;New Zealand;-30.2;-178.47;238;Caldera;Holocene;U;6;;;;;;;;;;;;;;;;;;;;;
2;-4350;;;;;Kikai;Ryukyu Is;Japan;30.78;130.28;717;Caldera;Historical;D1;7;P;;3;;;;;;3;;3;;3;;;;;;3;;3
3;-4050;;;;;Masaya;Nicaragua;Nicaragua;11.984;-86.161;635;Caldera;Historical;D1;6;;;;;;;;;;;;;;;;;;;;;
4;-4000;;;;;Pago;New Britain-SW Pac;Papua New Guinea;-5.58;150.52;742;Caldera;Historical;D2;6;T;;1;;;;;;1;;;;1;;;;;;1;;
5;-3580;;;;;Taal;Luzon-Philippines;Philippines;14.002;120.993;400;Stratovolcano;Historical;D1;6;;;;;;;;;;;;;;;;;;;;;
6;-3550;;;;;Pinatubo;Luzon-Philippines;Philippines;15.13;120.35;1486;Stratovolcano;Historical;D1;6;;;;;;;;;;;;;;;;;;;;;
7;-2420;;;;;Vesuvius;Italy;Italy;40.821;14.426;1281;Complex volcano;Historical;D2;5;P,T;;;;;;;;;;;;;;;;;;;;
8;-2040;;;;;Long Island;New Guinea-NE of;Papua New Guinea;-5.358;147.12;1280;Complex volcano;Historical;D1;6;;;;;;;;;;;;;;;;;;;;;
9;-1900;;;;;Black Peak;Alaska Peninsula;United States;56.53;-158.8;1032;Stratovolcano;Radiocarbon;D7;6;;;;;;;;;;;;;;;;;;;;;
10;-1860;;;;;St. Helens;US-Washington;United States;46.2;-122.18;2549;Stratovolcano;Historical;D1;6;;;;;;;;;;;;;;;;;;;;;
11;-1750;;;;;Veniaminof;Alaska Peninsula;United States;56.17;-159.38;2507;Stratovolcano;Historical;D1;6;;;;;;;;;;;;;;;;;;;;;
12;-1645;;;;;Aniakchak;Alaska Peninsula;United States;56.88;-158.17;1341;Caldera;Historical;D2;6;;;;;;;;;;;;;;;;;;;;;
13;-1610;;;TSU;EQ;Santorini;Greece;Greece;36.404;25.396;329;Shield volcano;Historical;D2;6;W;;3;;;;;;3;;;;3;;;;;;3;;
14;-1550;;;TSU;;Redoubt;Alaska-SW;United States;60.48;-152.75;3108;Stratovolcano;Historical;D1;;;;;;;;;;;;;;;;;;;;;;
15;-1460;;;;;Taupo;New Zealand;New Zealand;-38.82;176;760;Caldera;Radiocarbon;D6;6;;;;;;;;;;;;;;;;;;;;;
16;-1370;;;;;Pago;New Britain-SW Pac;Papua New Guinea;-5.58;150.52;742;Caldera;Historical;D2;6;;;;;;;;;;;;;;;;;;;;;
17;-1050;;;;;Pinatubo;Luzon-Philippines;Philippines;15.13;120.35;1486;Stratovolcano;Historical;D1;6;;;;;;;;;;;;;;;;;;;;;
18;-1010;;;;;Tungurahua;Ecuador;Ecuador;-1.467;-78.442;5023;Stratovolcano;Historical;D1;5;;;3;;;;;;;;;;3;;;;;;;;
19;-455;;;;;Cotopaxi;Ecuador;Ecuador;-0.677;-78.436;5911;Stratovolcano;Historical;D2;4;M;;1;;;;;;;;;;1;;;;;;;;
20;-250;;;;;Raoul Island;Kermadec Is;New Zealand;-29.27;-177.92;516;Stratovolcano;Historical;D1;6;;;;;;;;;;;;;;;;;;;;;
21;-197;;;TSU;;Santorini;Greece;Greece;36.404;25.396;329;Shield volcano;Historical;D2;3;;;;;;;;;;;;;;;;;;;;;
22;-150;;;;;St. Andrew Strait;Admiralty Is-SW Paci;Papua New Guinea;-2.38;147.35;270;Complex volcano;Historical;D2;;;;3;;;;;;;;;;3;;;;;;;;
23;-141;;;;;Etna;Italy;Italy;37.734;15.004;3350;Stratovolcano;Historical;D1;;;40;1;;;;;;;;;40;1;;;;;;;;
24;-100;;;;;Okmok;Aleutian Is;United States;53.42;-168.13;1073;Shield volcano;Historical;D1;6;;;;;;;;;;;;;;;;;;;;;
25;-50;;;;;Apoyeque;Nicaragua;Nicaragua;12.242;-86.342;518;Pyroclastic shield;Radiocarbon;D7;6;;;;;;;;;;;;;;;;;;;;;
26;46;;;TSU;;Santorini;Greece;Greece;36.404;25.396;329;Shield volcano;Historical;D2;3;;;;;;;;;;;;;;;;;;;;;
27;50;;;;;Ambrym;Vanuatu-SW Pacific;Vanuatu;-16.25;168.12;1334;Pyroclastic shield;Historical;D1;6;;;;;;;;;;;;;;;;;;;;;
28;60;;;;;Bona-Churchill;Alaska-E;United States;61.38;-141.75;5005;Stratovolcano;Radiocarbon;D6;6;;;;;;;;;;;;;;;;;;;;;
29;79;8;25;;;Vesuvius;Italy;Italy;40.821;14.426;1281;Complex volcano;Historical;D2;5;P,T;2100;4;;;;;;;;;2100;4;;;;;;;;
30;200;;;;;Arhab, Harra of;Arabia-S;Yemen;15.63;44.08;3100;Volcanic field;Historical;D6;;;;;;;;;;1;;;;;;;;;;1;;
31;230;;;;;Taupo;New Zealand;New Zealand;-38.82;176;760;Caldera;Radiocarbon;D6;6;;;;;;;;;;;;;;;;;;;;;
32;240;;;;;Ksudach;Kamchatka;Russia;51.8;157.53;1079;Stratovolcano;Historical;D2;6;;;;;;;;;;;;;;;;;;;;;
33;350;;;TSU;;Augustine;Alaska-SW;United States;59.37;-153.42;1252;Lava dome;Historical;D1;;;;;;;;;;;;;;;;;;;;;;
34;416;;;TSU;;Krakatau;Indonesia;Indonesia;-6.102;105.423;813;Caldera;Historical;D1;;W;;1;;;;;;1;;;;3;;;;;;4;;
35;450;;;;;Ilopango;El Salvador;El Salvador;13.672;-89.053;450;Caldera;Historical;D3;6;;30000;4;;;;;;;;;30000;4;;;;;;;;
36;500;;;;;Arhab, Harra of;Arabia-S;Yemen;15.63;44.08;3100;Volcanic field;Historical;D6;;;;;;;;;;1;;;;;;;;;;1;;
37;540;;;;;Rabaul;New Britain-SW Pac;Papua New Guinea;-4.271;152.203;688;Pyroclastic shield;Historical;D1;6;;;;;;;;;1;;;;;;;;;;;;
38;590;;;;;San Salvador;El Salvador;El Salvador;13.736;-89.286;1893;Stratovolcano;Historical;D2;;;;1;;;;;;;;;;1;;;;;;;;
39;640;;;;;Uwayrid, Harrat;Arabia-W;Saudi Arabia;27.08;37.25;1900;Volcanic field;Anthropology;D6;2;T;;1;;;;;;;;;;1;;;;;;;;
40;710;;;;;Pago;New Britain-SW Pac;Papua New Guinea;-5.58;150.52;742;Caldera;Historical;D2;6;;;;;;;;;;;;;;;;;;;;;
41;764;;;;;Sakura-jima;Kyushu-Japan;Japan;31.58;130.67;1117;Stratovolcano;Historical;D1;4;T,L;80;2;;;;;;;;;80;2;;;;;;;;
42;766;7;20;TSU;EQ;Sakura-jima;Kyushu-Japan;Japan;31.58;130.67;1117;Stratovolcano;Historical;D1;3;;;3;;;;;;;;;;3;;;;;;;;
43;787;;;;;Vesuvius;Italy;Italy;40.821;14.426;1281;Complex volcano;Historical;D2;3;;;1;;;;;;1;;;;1;;;;;;1;;
44;800;;;;;Bona-Churchill;Alaska-E;United States;61.38;-141.75;5005;Stratovolcano;Radiocarbon;D6;6;;;;;;;;;;;;;;;;;;;;;
45;800;;;;;Dakataua;New Britain-SW Pac;Papua New Guinea;-5.056;150.108;400;Caldera;Anthropology;D3;6;;;;;;;;;;;;;;;;;;;;;
46;920;;;;;Katla;Iceland-S;Iceland;63.63;-19.05;1512;Subglacial volcano;Historical;D2;4;;;;;;;;;1;;;;;;;;;;;;
47;930;;;;;Ceboruco;Mexico;Mexico;21.125;-104.508;2280;Stratovolcano;Historical;D3;6;;;;;;;;;;;;;;;;;;;;;
48;934;;;;;Katla;Iceland-S;Iceland;63.63;-19.05;1512;Subglacial volcano;Historical;D2;4;;;;;;;;;1;;;;;;;;;;1;;
49;950;;;;;Katla;Iceland-S;Iceland;63.63;-19.05;1512;Subglacial volcano;Historical;D2;;;;;;;;;;1;;;;;;;;;;;;
50;1000;;;;;Changbaishan;China-E;North Korea;41.98;128.08;2744;Stratovolcano;Historical;D4;7;;;;;;;;;;;;;;;;;;;;;
51;1050;;;TSU;;Santorini;Greece;Greece;36.404;25.396;329;Shield volcano;Historical;D2;;;;;;;;;;;;;;;;;;;;;;
52;1104;10;15;;;Hekla;Iceland-S;Iceland;63.98;-19.7;1491;Stratovolcano;Historical;D1;5;;;;;;;;;1;;;;;;;;;;1;;
53;1151;;;;;Krisuvik;Iceland-SW;Iceland;63.93;-22.1;379;Crater rows;Historical;D6;1;;;;;;;;;1;;;;;;;;;;1;;
54;1158;1;19;;;Hekla;Iceland-S;Iceland;63.98;-19.7;1491;Stratovolcano;Historical;D1;4;;;;;;;;;1;;;;;;;;;;1;;
55;1169;2;4;TSU;EQ;Etna;Italy;Italy;37.734;15.004;3350;Stratovolcano;Historical;D1;;S,W;;;;;;;;;;;16000;4;;;;;;4;;
56;1169;2;11;TSU;;Etna;Italy;Italy;37.734;15.004;3350;Stratovolcano;Historical;D1;;;;;;;;;;;;;;;;;;;;;;
57;1177;;;;;Katla;Iceland-S;Iceland;63.63;-19.05;1512;Subglacial volcano;Historical;D2;3;;;;;;;;;1;;;;;;;;;;1;;
58;1206;12;4;;;Hekla;Iceland-S;Iceland;63.98;-19.7;1491;Stratovolcano;Historical;D1;2;;;;;;;;;1;;;;;;;;;;1;;
59;1250;;;;;Fentale;Africa-NE;Ethiopia;8.975;39.93;2007;Stratovolcano;Historical;D3;;;;;;;;;;1;;;;;;;;;;;;
60;1262;;;;;Katla;Iceland-S;Iceland;63.63;-19.05;1512;Subglacial volcano;Historical;D2;3;F;;1;;;;;;;;;;1;;;;;;;;
61;1280;;;;;Quilotoa;Ecuador;Ecuador;-0.85;-78.9;3914;Caldera;Radiocarbon;D6;6;;;;;;;;;1;;;;;;;;;;;;
62;1300;7;11;;;Hekla;Iceland-S;Iceland;63.98;-19.7;1491;Stratovolcano;Historical;D1;4;;;;;;;;;;;;600;3;;;;;;;;
63;1302;;;;;Ischia;Italy;Italy;40.73;13.897;789;Complex volcano;Historical;D6;;;;1;;;;;;;;;;1;;;;;;;;
64;1311;1;18;;;Katla;Iceland-S;Iceland;63.63;-19.05;1512;Subglacial volcano;Historical;D2;4;F;;2;;;;;;;;;;2;;;;;;;;
65;1311;;;;;Kelut;Java;Indonesia;-7.93;112.308;1731;Stratovolcano;Historical;D1;3;;;1;;;;;;;;;;1;;;;;;;;
66;1329;6;28;TSU;;Etna;Italy;Italy;37.734;15.004;3350;Stratovolcano;Historical;D1;3;;;;;;;;;;;;;;;;;;;1;;1
67;1329;7;;;;Etna;Italy;Italy;37.734;15.004;3350;Stratovolcano;Historical;D1;1;I;;3;;;;;;;;;;3;;;;;;;;
68;1331;12;;;;Aso;Kyushu-Japan;Japan;32.88;131.1;1592;Caldera;Historical;D1;2;;;1;;;;;;;;;;1;;;;;;;;
69;1334;;;;;Kelut;Java;Indonesia;-7.93;112.308;1731;Stratovolcano;Historical;D1;3;;;1;;;;;;;;;;1;;;;;;;;
70;1341;5;19;;;Hekla;Iceland-S;Iceland;63.98;-19.7;1491;Stratovolcano;Historical;D1;3;;;;;;;;;1;;;;;;;;;;1;;
71;1357;;;;;Katla;Iceland-S;Iceland;63.63;-19.05;1512;Subglacial volcano;Historical;D2;4;;;;;;;;;1;;;;;;;;;;1;;
72;1362;6;5;;;Oraefajokull;Iceland-SE;Iceland;64;-16.65;2119;Stratovolcano;Historical;D4;5;T,F;220;3;;;;;;;;;220;3;;;;;;;;
73;1375;;;;;Chichon, El;Mexico;Mexico;17.36;-93.228;1150;Tuff cone;Historical;D1;5;M;;2;;;;;;;;;;2;;;;;;;;
74;1376;;;;;Kelut;Java;Indonesia;-7.93;112.308;1731;Stratovolcano;Historical;D1;3;;;1;;;;;;;;;;1;;;;;;;;
75;1385;;;;;Kelut;Java;Indonesia;-7.93;112.308;1731;Stratovolcano;Historical;D1;3;;;1;;;;;;;;;;1;;;;;;;;
76;1389;12;1;;;Hekla;Iceland-S;Iceland;63.98;-19.7;1491;Stratovolcano;Historical;D1;3;;;;;;;;;1;;;;;;;;;;1;;
77;1410;3;5;;;Nasu;Honshu-Japan;Japan;37.12;139.97;1917;Stratovolcano;Historical;D2;3;;180;3;;;;;;;;;180;3;;;;;;;;
78;1452;;;;;Kuwae;Vanuatu-SW Pacific;Vanuatu;-16.829;168.536;-2;Caldera;Historical;D1;6;P;;3;;;;;;;;;;3;;;;;;;;
79;1471;11;3;;;Sakura-jima;Kyushu-Japan;Japan;31.58;130.67;1117;Stratovolcano;Historical;D1;5;P;;3;;;;;;;;;;3;;;;;;;;
80;1477;2;;;;Bardarbunga;Iceland-NE;Iceland;64.63;-17.53;2000;Stratovolcano;Historical;D2;6;;;;;;;;;1;;;;;;;;;;1;;
81;1485;1;;;;Aso;Kyushu-Japan;Japan;32.88;131.1;1592;Caldera;Historical;D1;2;;1;1;;;;;;;;;1;1;;;;;;;;
82;1500;;;;;Katla;Iceland-S;Iceland;63.63;-19.05;1512;Subglacial volcano;Historical;D2;4;;;;;;;;;1;;;;;;;;;;1;;
83;1510;7;25;;;Hekla;Iceland-S;Iceland;63.98;-19.7;1491;Stratovolcano;Historical;D1;4;T;1;1;;;;;;;;;1;1;;;;;;;;
84;1510;10;15;;;Hekla;Iceland-S;Iceland;63.98;-19.7;1491;Stratovolcano;Historical;D1;4;I;;;;;;;;;;;;3;;;;;;;;
85;1536;3;23;;;Etna;Italy;Italy;37.734;15.004;3350;Stratovolcano;Historical;D1;3;T;1;1;;;;;;;;;1;1;;;;;;;;
86;1538;9;29;;;Campi Flegrei;Italy;Italy;40.827;14.139;458;Caldera;Historical;D5;3;T;24;1;;;;;;;;;24;1;;;;;;;;
87;1540;;;TSU;;Augustine;Alaska-SW;United States;59.37;-153.42;1252;Lava dome;Historical;D1;4;;;;;;;;;;;;;;;;;;;;;
88;1550;11;;;;Dukono;Halmahera-Indonesia;Indonesia;1.68;127.88;1185;Complex volcano;Historical;D1;3;;;1;;;;;;;;;;1;;;;;;;;
89;1564;12;31;;;Gamkonora;Halmahera-Indonesia;Indonesia;1.375;127.52;1635;Stratovolcano;Historical;D1;3;;;1;;;;;;;;;;1;;;;;;;;
90;1565;8;;;EQ;Pacaya;Guatemala;Guatemala;14.381;-90.601;2552;Complex volcano;Historical;D1;3;;;;;;;;;1;;;;;;;;;;1;;
91;1566;10;31;;;Kirishima;Kyushu-Japan;Japan;31.93;130.87;1700;Shield volcano;Historical;D1;3;;;3;;;;;;;;;;3;;;;;;;;
92;1568;;;;;Savo;Solomon Is-SW Pacifi;Solomon Is.;-9.13;159.82;510;Stratovolcano;Historical;D3;3;P,T,M;1001;4;;;;;;;;;1001;4;;;;;;;;
93;1570;;;;;Mombacho;Nicaragua;Nicaragua;11.826;-85.968;1344;Stratovolcano;Holocene;U;;A;400;3;;;;;;;;;400;3;;;;;;;;
94;1576;;;;;Colima;Mexico;Mexico;19.514;-103.62;3850;Stratovolcano;Historical;D1;3;;;1;;;;;;;;;;1;;;;;;;;
95;1580;5;1;;;San Jorge;Azores;Portugal;38.65;-28.08;1053;Fissure vent;Historical;D2;3;P;10;1;;;;;;;;;10;1;;;;;;;;
96;1580;8;11;;;Katla;Iceland-S;Iceland;63.63;-19.05;1512;Subglacial volcano;Historical;D2;4;;;;;;;;;;;;;;;;;;;;;
97;1580;;;;;Billy Mitchell;Bougainville-SW Paci;Papua New Guinea;-6.092;155.225;1544;Pyroclastic shield;Radiocarbon;D5;6;;;;;;;;;;;;;;;;;;;;;
98;1581;12;26;;;Fuego;Guatemala;Guatemala;14.473;-90.88;3763;Stratovolcano;Historical;D1;4;;;;;;;;;1;;;;;;;;;;1;;
99;1586;;;;;Kelut;Java;Indonesia;-7.93;112.308;1731;Stratovolcano;Historical;D1;5;;10000;4;;;;;;;;;10000;4;;;;;;;;
100;1587;;;;;Merapi;Java;Indonesia;-7.542;110.442;2947;Stratovolcano;Historical;D1;4;;;1;;;;;;;;;;1;;;;;;;;
101;1590;1;15;;;Colima;Mexico;Mexico;19.514;-103.62;3850;Stratovolcano;Historical;D1;3;I;;3;;;;;;;;;;3;;;;;;;;
102;1593;;;;;Raung;Java;Indonesia;-8.125;114.042;3332;Stratovolcano;Historical;D1;5;;;3;;;;;;;;;;3;;;;;;;;
103;1595;3;12;;;Ruiz;Colombia;Colombia;4.895;-75.322;5321;Stratovolcano;Historical;D1;4;M;636;3;;;;;;;;;636;3;;;;;;;;
104;1596;5;1;;;Asama;Honshu-Japan;Japan;36.4;138.53;2560;Complex volcano;Historical;D1;2;T;;3;;;;;;;;;;3;;;;;;;;
105;1597;1;3;;;Hekla;Iceland-S;Iceland;63.98;-19.7;1491;Stratovolcano;Historical;D1;4;;;;;;;;;1;;;;;;;;;;1;;
106;1597;;;;;Raung;Java;Indonesia;-8.125;114.042;3332;Stratovolcano;Historical;D1;3;T;;1;;;;;;;;;;1;;;;;;;;
107;1598;5;13;;;Asama;Honshu-Japan;Japan;36.4;138.53;2560;Complex volcano;Historical;D1;2;T;800;3;;;;;;;;;800;3;;;;;;;;
108;1598;;;;;Banda Api;Banda Sea;Pacific Ocean;-4.525;129.871;640;Caldera;Historical;D1;3;;;1;;;;;;;;;;1;;;;;;;;
109;1600;2;19;;EQ;Huaynaputina;Peru;Peru;-16.608;-70.85;4850;Stratovolcano;Historical;D5;6;;1500;4;;;;;;;;;1500;4;;;;;;;;
110;1606;1;23;TSU;;Hachijo-jima;Izu Is-Japan;Japan;33.13;139.77;854;Stratovolcano;Historical;D5;2;;;;;;;;;;;;;;;;;;;;;
111;1608;7;18;TSU;;Gamalama;Halmahera-Indonesia;Indonesia;0.8;127.325;1715;Stratovolcano;Historical;D1;3;;;;;;;;;1;;;;;;;;;;;;
112;1609;;;;;Tengchong;China-S;China;25.32;98.47;2865;Pyroclastic cone;Historical;D5;;E;;1;;;;;;;;;;1;;;;;;;;
113;1615;3;;;;Banda Api;Banda Sea;Pacific Ocean;-4.525;129.871;640;Caldera;Historical;D1;3;;;;;;;;;2;;2;;;;;;;;2;;2
114;1617;;;;;Fuego;Guatemala;Guatemala;14.473;-90.88;3763;Stratovolcano;Historical;D1;3;;;;;;;;;;;;;;;;;;;;;
115;1625;9;2;;;Katla;Iceland-S;Iceland;63.63;-19.05;1512;Subglacial volcano;Historical;D2;5;;;;;;;;;;;;;;;;;;;;;
116;1629;;;;;Grimsvotn;Iceland-NE;Iceland;64.42;-17.33;1725;Caldera;Historical;D1;2;F;4;1;;;;;;;;;4;1;;;;;;;;
117;1630;9;3;;;Furnas;Azores;Portugal;37.77;-25.32;805;Stratovolcano;Historical;D5;4;M,T;200;3;;;;;;;;;200;3;;;;;;;;
118;1631;2;14;;EQ;Dama Ali;Africa-NE;Ethiopia;11.28;41.63;1068;Shield volcano;Historical;D5;;S;50;1;;;;;;2;;;50;1;;;;;;2;;
119;1631;12;16;TSU;EQ;Vesuvius;Italy;Italy;40.821;14.426;1281;Complex volcano;Historical;D2;5;P,E,M;4000;4;;;;;;4;;4;4000;4;;;;;;4;;4
120;1636;5;15;;;Hekla;Iceland-S;Iceland;63.98;-19.7;1491;Stratovolcano;Historical;D1;3;;;;;;;;;1;;;;;;;;;;1;;
121;1638;;;;;Raung;Java;Indonesia;-8.125;114.042;3332;Stratovolcano;Historical;D1;4;M;1001;4;;;;;;;;;1001;4;;;;;;;;
122;1640;7;31;TSU;EQ;Komaga-take;Hokkaido-Japan;Japan;42.07;140.68;1140;Stratovolcano;Historical;D1;5;W;;;;;;;;;;;700;3;;;;;;1;20;1
123;1640;;;;;Tungurahua;Ecuador;Ecuador;-1.467;-78.442;5023;Stratovolcano;Historical;D1;3;P;5000;4;;;;;;;;4;5000;4;;;;;;;;4
124;1646;7;19;;;Makian;Halmahera-Indonesia;Indonesia;0.32;127.4;1357;Stratovolcano;Historical;D1;4;;;3;;;;;;;;;;3;;;;;;;;
125;1650;9;26;TSU;;Santorini;Greece;Greece;36.404;25.396;329;Shield volcano;Historical;D2;4;G,W,T;120;3;;;;;;;;;120;3;;;;;;;;
126;1659;9;30;;EQ;San Salvador;El Salvador;El Salvador;13.736;-89.286;1893;Stratovolcano;Historical;D2;3;S;;;;;;;;;;;;;;;;;;;;
127;1659;11;11;TSU;;Teon;Banda Sea;Pacific Ocean;-6.92;129.125;655;Stratovolcano;Historical;D2;4;;;;;;;;;;;;;;;;;;;;;
128;1660;2;;;;Teon;Banda Sea;Pacific Ocean;-6.92;129.125;655;Stratovolcano;Historical;D2;4;G,T;3;1;;;;;;;;;3;1;;;;;;;;
129;1660;11;3;;;Katla;Iceland-S;Iceland;63.63;-19.05;1512;Subglacial volcano;Historical;D2;4;;;;;;;;;1;;;;;;;;;;1;;
130;1660;;;TSU;;Long Island;New Guinea-NE of;Papua New Guinea;-5.358;147.12;1280;Complex volcano;Historical;D1;6;T,P,W,I;2000;4;;;;;;3;;3;2000;4;;;;;;3;;3
131;1663;8;16;;;Usu;Hokkaido-Japan;Japan;42.53;140.83;731;Stratovolcano;Historical;D1;5;T,P;5;1;;;;;;;;;5;1;;;;;;;;
132;1664;4;15;;;Unzen;Kyushu-Japan;Japan;32.75;130.3;1500;Complex volcano;Historical;D1;2;m;30;1;;;;;;;;;30;1;;;;;;;;
133;1664;;;TSU;;Iwo-Tori-shima;Ryukyu Is;Japan;27.85;128.25;217;Complex volcano;Historical;D1;;A;1;1;;;;;;;;;;1;;;;;;1;;1
134;1669;3;11;;EQ;Etna;Italy;Italy;37.734;15.004;3350;Stratovolcano;Historical;D1;3;;;3;;;;;;;;;;3;;;;;;;;
135;1669;3;19;;;Etna;Italy;Italy;37.734;15.004;3350;Stratovolcano;Historical;D1;3;L;2;1;;;5;1;;;;;2;1;;;5;1;;;;
136;1670;;;;;Aoba;Vanuatu-SW Pacific;Vanuatu;-15.4;167.83;1496;Shield volcano;Historical;D1;2;L;;3;;;;;;;;;;3;;;;;;;;
137;1672;4;24;;;Fayal;Azores;Portugal;38.6;-28.73;1043;Stratovolcano;Historical;D2;2;;3;1;;;;;;;;;3;1;;;;;;;;
138;1672;8;4;;;Merapi;Java;Indonesia;-7.542;110.442;2947;Stratovolcano;Historical;D1;3;P;3000;4;;;;;;;;;3000;4;;;;;;;;
139;1673;5;20;TSU;;Gamkonora;Halmahera-Indonesia;Indonesia;1.375;127.52;1635;Stratovolcano;Historical;D1;5;W;;;;;;;;1;;1;;3;;;;;;1;;1
140;1677;11;22;;;La Palma;Canary Is;Spain;28.58;-17.83;2426;Stratovolcano;Historical;D1;2;G;1;1;;;;;;;;;1;1;;;;;;;;
141;1679;9;21;;EQ;Zukur;Red Sea;Yemen;14.02;42.75;624;Shield volcano;Holocene;U;;;;;;;;;;;;;;;;;;;;;;
142;1682;8;12;;;Vesuvius;Italy;Italy;40.821;14.426;1281;Complex volcano;Historical;D2;3;;4;1;;;;;;;;;4;1;;;;;;;;
143;1684;12;;;;Grimsvotn;Iceland-NE;Iceland;64.42;-17.33;1725;Caldera;Historical;D1;2;F;1;1;;;;;;;;;1;1;;;;;;;;
144;1690;2;3;TSU;;Vesuvius;Italy;Italy;40.821;14.426;1281;Complex volcano;Historical;D2;;;;;;;;;;;;;;;;;;;;;;
145;1690;;;;;Guntur;Java;Indonesia;-7.13;107.83;2249;Complex volcano;Historical;D3;3;;;1;;;;;;;;;;1;;;;;;;;
146;1692;6;4;;;Serua;Banda Sea;Pacific Ocean;-6.3;130;641;Stratovolcano;Historical;D2;4;L;;2;;;;;;;;;;2;;;;;;;;
147;1693;1;9;;EQ;Etna;Italy;Italy;37.734;15.004;3350;Stratovolcano;Historical;D1;;;;;;;;;;;;;;;;;;;;;;
148;1693;2;13;TSU;;Hekla;Iceland-S;Iceland;63.98;-19.7;1491;Stratovolcano;Historical;D1;4;;;;;;;;;;;;;;;;;;;;;
149;1694;11;20;;;Banda Api;Banda Sea;Pacific Ocean;-4.525;129.871;640;Caldera;Historical;D1;3;;;2;;;;;;;;;;2;;;;;;;;
150;1698;5;;TSU;;Vesuvius;Italy;Italy;40.821;14.426;1281;Complex volcano;Historical;D2;3;;;;;;;;;;;;;;;;;;;;;
151;1698;;;;;Cereme;Java;Indonesia;-6.892;108.4;3078;Stratovolcano;Historical;D2;3;;;1;;;;;;;;;;1;;;;;;;;
152;1698;;;;;Cotopaxi;Ecuador;Ecuador;-0.677;-78.436;5911;Stratovolcano;Historical;D2;3;M;;2;;;;;;;;;;2;;;;;;;;
153;1706;5;5;TSU;;Tenerife;Canary Is;Spain;28.271;-16.641;3715;Stratovolcano;Historical;D2;2;;;;;;;;;3;;;;;;;;;;3;;
154;1707;5;;TSU;;Santorini;Greece;Greece;36.404;25.396;329;Shield volcano;Historical;D2;;;;;;;;;;;;;;;;;;;;;;
155;1707;12;16;;EQ;Fuji;Honshu-Japan;Japan;35.35;138.73;3776;Stratovolcano;Historical;D4;4;;;1;;;;;;1;75;1;;1;;;;;;1;75;1
156;1711;12;11;;;Awu;Sangihe Is-Indonesia;Indonesia;3.67;125.5;1320;Stratovolcano;Historical;D1;3;P;3000;4;;;;;;;;;3000;4;;;;;;;;
157;1712;1;15;;;Bardarbunga;Iceland-NE;Iceland;64.63;-17.53;2000;Stratovolcano;Historical;D2;2;;;;;;;;;1;;;;;;;;;;1;;
158;1714;6;30;TSU;;Vesuvius;Italy;Italy;40.821;14.426;1281;Complex volcano;Historical;D2;;;;;;;;;;;;;;;;;;;;;;
159;1716;7;20;;;Kelut;Java;Indonesia;-7.93;112.308;1731;Stratovolcano;Historical;D1;2;M;;1;;;;;;;;;;1;;;;;;;;
160;1716;9;24;TSU;EQ;Taal;Luzon-Philippines;Philippines;14.002;120.993;400;Stratovolcano;Historical;D1;4;;;1;;;;;;;;;;1;;;;;;3;;3
161;1716;10;5;;;Bardarbunga;Iceland-NE;Iceland;64.63;-17.53;2000;Stratovolcano;Historical;D2;2;;;;;;;;;1;;;;;;;;;;1;;
162;1716;11;9;;;Kirishima;Kyushu-Japan;Japan;31.93;130.87;1700;Shield volcano;Historical;D1;3;;1;1;;;31;1;;;;;1;1;;;31;1;;;;
163;1717;2;7;;;Kirishima;Kyushu-Japan;Japan;31.93;130.87;1700;Shield volcano;Historical;D1;3;;1;1;;;30;1;;;;;1;1;;;30;1;;;;
164;1717;8;4;;;Bardarbunga;Iceland-NE;Iceland;64.63;-17.53;2000;Stratovolcano;Historical;D2;3;;;;;;;;;1;;;;;;;;;;1;;
165;1717;8;27;;;Fuego;Guatemala;Guatemala;14.473;-90.88;3763;Stratovolcano;Historical;D1;3;;;;;;;;;1;;;;;;;;;;1;;
166;1718;2;1;;;Pico;Azores;Portugal;38.47;-28.4;2351;Stratovolcano;Historical;D4;2;;2;1;;;;;;;;;2;1;;;;;;;;
167;1721;5;11;;;Katla;Iceland-S;Iceland;63.63;-19.05;1512;Subglacial volcano;Historical;D2;5;;;;;;;;;1;;;;;;;;;;1;;
168;1721;6;22;;;Asama;Honshu-Japan;Japan;36.4;138.53;2560;Complex volcano;Historical;D1;1;T;15;1;;;;;;;;;15;1;;;;;;;;
169;1726;2;1;;;Bardarbunga;Iceland-NE;Iceland;64.63;-17.53;2000;Stratovolcano;Historical;D2;1;;;;;;;;;1;;;;;;;;;;1;;
170;1727;8;3;;;Oraefajokull;Iceland-SE;Iceland;64;-16.65;2119;Stratovolcano;Historical;D4;4;F;3;1;;;;;;;;;3;1;;;;;;;;
171;1729;2;1;;;Bardarbunga;Iceland-NE;Iceland;64.63;-17.53;2000;Stratovolcano;Historical;D2;1;;;;;;;;;1;;;;;;;;;;1;;
172;1729;6;30;;;Krafla;Iceland-NE;Iceland;65.73;-16.78;650;Caldera;Historical;D1;2;;;;;;;;;1;;;;;;;;;;1;;
173;1730;9;1;;;Lanzarote;Canary Is;Spain;29.03;-13.63;670;Fissure vent;Historical;D3;2;;;1;;;;;;;;;;1;;;;;;;;
174;1730;;;;;Raung;Java;Indonesia;-8.125;114.042;3332;Stratovolcano;Historical;D1;3;M,T;;2;;;;;;;;;;2;;;;;;;;
175;1730;;;;;Tseax River Cone;Canada;Canada;55.12;-128.9;609;Pyroclastic cone;Radiocarbon;D4;;G;;1;;;;;;;;;;1;;;;;;;;
176;1737;5;20;;;Vesuvius;Italy;Italy;40.821;14.426;1281;Complex volcano;Historical;D2;2;T;2;1;;;;;;2;;;2;1;;;;;;2;;
177;1741;8;23;TSU;;Oshima-Oshima;Hokkaido-Japan;Japan;41.5;139.37;737;Stratovolcano;Historical;D4;4;W,S;;;;;;;;;;;2000;4;;;;;;3;871;3
178;1742;6;15;;;Cotopaxi;Ecuador;Ecuador;-0.677;-78.436;5911;Stratovolcano;Historical;D2;3;M;;3;;;;;;3;;;;3;;;;;;3;;
179;1742;12;9;;;Cotopaxi;Ecuador;Ecuador;-0.677;-78.436;5911;Stratovolcano;Historical;D2;3;M;;3;;;;;;3;;;;3;;;;;;3;;
180;1749;8;11;TSU;EQ;Taal;Luzon-Philippines;Philippines;14.002;120.993;400;Stratovolcano;Historical;D1;3;;;1;;;;;;1;;;;1;;;;;;3;;3
181;1753;10;15;;;Grimsvotn;Iceland-NE;Iceland;64.42;-17.33;1725;Caldera;Historical;D1;2;;;;;;;;;1;;;;;;;;;;1;;
182;1754;5;13;TSU;EQ;Taal;Luzon-Philippines;Philippines;14.002;120.993;400;Stratovolcano;Historical;D1;4;W,T;12;1;;;;;;4;;4;12;1;;;;;;4;;4
183;1755;10;17;;;Katla;Iceland-S;Iceland;63.63;-19.05;1512;Subglacial volcano;Historical;D2;4;E;2;1;;;;;;;;;2;1;;;;;;;;
184;1757;7;9;;EQ;San Jorge;Azores;Portugal;38.65;-28.08;1053;Fissure vent;Historical;D2;0;S;;;;;;;;;;;1053;4;;;;;;3;;4
185;1760;;;;;Makian;Halmahera-Indonesia;Indonesia;0.32;127.4;1357;Stratovolcano;Historical;D1;4;M;2000;4;;;;;;;;;2000;4;;;;;;;;
186;1762;;;;;Kliuchevskoi;Kamchatka;Russia;56.057;160.638;4835;Stratovolcano;Historical;D1;2;;;1;;;;;;;;;;1;;;;;;;;
187;1766;4;5;;;Hekla;Iceland-S;Iceland;63.98;-19.7;1491;Stratovolcano;Historical;D1;4;;;;;;;;;1;;;;;;;;;;1;;
188;1766;7;20;;;Mayon;Luzon-Philippines;Philippines;13.257;123.685;2462;Stratovolcano;Historical;D1;3;m;49;1;;;;;;;;;49;1;;;;;;;;
189;1768;4;4;;;Cotopaxi;Ecuador;Ecuador;-0.677;-78.436;5911;Stratovolcano;Historical;D2;4;M;;3;;;;;;3;;;;3;;;;;;3;;
190;1772;5;9;TSU;;Gamalama;Halmahera-Indonesia;Indonesia;0.8;127.325;1715;Stratovolcano;Historical;D1;3;T;35;1;;;;;;;;;35;1;;;;;;;;
191;1772;8;12;;;Papandayan;Java;Indonesia;-7.32;107.73;2665;Stratovolcano;Historical;D2;3;A;2957;4;;;;;;;;3;2957;4;;;;;;;;3
192;1773;2;2;;;Gamalama;Halmahera-Indonesia;Indonesia;0.8;127.325;1715;Stratovolcano;Historical;D1;2;I;;2;;;;;;;;;;2;;;;;;;;
193;1775;;;;;Lokon-Empung;Sulawesi-Indonesia;Indonesia;1.358;124.792;1580;Stratovolcano;Historical;D1;3;;;1;;;;;;;;;;1;;;;;;;;
194;1775;;;;;Gamalama;Halmahera-Indonesia;Indonesia;0.8;127.325;1715;Stratovolcano;Historical;D1;3;P,I;1300;4;;;;;;;;;1300;4;;;;;;;;
195;1778;;;;;Raikoke;Kuril Is;Russia;48.292;153.25;551;Stratovolcano;Historical;D2;4;T;15;1;;;;;;;;;15;1;;;;;;;;
196;1779;8;8;;;Vesuvius;Italy;Italy;40.821;14.426;1281;Complex volcano;Historical;D2;2;;;1;;;;;;;;;;1;;;;;;;;
197;1779;11;8;;;Sakura-jima;Kyushu-Japan;Japan;31.58;130.67;1117;Stratovolcano;Historical;D1;4;T,W,I;153;3;;;;;;;;;153;3;;;;;;;;
198;1780;2;9;;;Sakura-jima;Kyushu-Japan;Japan;31.58;130.67;1117;Stratovolcano;Historical;D1;4;F;;3;;;;;;;;;;3;;;;;;;;
199;1780;7;27;;;Aoga-shima;Izu Is-Japan;Japan;32.45;139.77;423;Stratovolcano;Historical;D4;3;;7;1;;;;;;;;1;7;1;;;;;;;;1
200;1780;9;9;TSU;;Sakura-jima;Kyushu-Japan;Japan;31.58;130.67;1117;Stratovolcano;Historical;D1;4;;;;;;;;;;;;;;;;;;;;;
201;1780;10;31;TSU;;Sakura-jima;Kyushu-Japan;Japan;31.58;130.67;1117;Stratovolcano;Historical;D1;;;;;;;;;;;;;;;;;;;;;;
202;1781;4;11;TSU;;Sakura-jima;Kyushu-Japan;Japan;31.58;130.67;1117;Stratovolcano;Historical;D1;4;W;23;1;;;;;;;;;38;1;;;;;;1;;
203;1783;8;5;;;Asama;Honshu-Japan;Japan;36.4;138.53;2560;Complex volcano;Historical;D1;4;F,P,I;1491;4;;;;;;;;;1491;4;;;;;;;;
204;1784;4;;;;Grimsvotn;Iceland-NE;Iceland;64.42;-17.33;1725;Caldera;Historical;D1;4;I;;;;;;;;;;;9350;4;;;;;;;;
205;1784;7;;;;Sabancaya;Peru;Peru;-15.78;-71.85;5967;Stratovolcano;Historical;D1;;;;;;;;;;1;;;;;;;;;;1;;
206;1784;;;;;Hualalai;Hawaiian Is;United States;19.692;-155.87;2523;Shield volcano;Historical;D3;0;L;;1;;;;;;;;;;1;;;;;;;;
207;1785;4;18;;;Aoga-shima;Izu Is-Japan;Japan;32.45;139.77;423;Stratovolcano;Historical;D4;3;;135;3;;;;;;;;;135;3;;;;;;;;
208;1786;;;;;Dieng Volc Complex;Java;Indonesia;-7.2;109.92;2565;Complex volcano;Historical;D1;2;A;38;1;;;;;;;;2;38;1;;;;;;;;2
209;1789;;;;;Oshima;Izu Is-Japan;Japan;34.73;139.38;758;Stratovolcano;Historical;D1;2;T;;1;;;;;;;;;;1;;;;;;;;
210;1790;11;;;;Kilauea;Hawaiian Is;United States;19.425;-155.292;1222;Shield volcano;Historical;D1;4;P;5405;4;;;;;;;;;5405;4;;;;;;;;
211;1792;5;21;TSU;EQ;Unzen;Kyushu-Japan;Japan;32.75;130.3;1500;Complex volcano;Historical;D1;2;W,A;;1;;;;;;;;;14524;4;;;707;3;;4;6200;4
212;1794;6;15;;;Vesuvius;Italy;Italy;40.821;14.426;1281;Complex volcano;Historical;D2;3;M,L,T,G;400;3;;;;;;3;;;400;3;;;;;;3;;
213;1800;6;24;;;San Jorge;Azores;Portugal;38.65;-28.08;1053;Fissure vent;Historical;D2;1;L;9;1;;;;;;;;;9;1;;;;;;;;
214;1800;10;8;;;Guntur;Java;Indonesia;-7.13;107.83;2249;Complex volcano;Historical;D3;;M;;3;;;;;;;;;;3;;;;;;;;
215;1800;10;30;;;Mayon;Luzon-Philippines;Philippines;13.257;123.685;2462;Stratovolcano;Historical;D1;2;;;1;;;;;;;;;;1;;;;;;;;
216;1800;;;;;Hualalai;Hawaiian Is;United States;19.692;-155.87;2523;Shield volcano;Historical;D3;0;L;2;1;;;;;;;;;2;1;;;;;;;;
217;1800;;;;;Kieyo;Africa-E;Tanzania;-9.23;33.78;2175;Stratovolcano;Historical;D3;2;L;;3;;;;;;3;;;;3;;;;;;3;;
218;1800;;;;;St. Helens;US-Washington;United States;46.2;-122.18;2549;Stratovolcano;Historical;D1;5;I;;3;;;;;;;;;;3;;;;;;;;
219;1801;7;;;;Chokai;Honshu-Japan;Japan;39.08;140.03;2237;Stratovolcano;Historical;D1;2;T;8;1;;;;;;;;;8;1;;;;;;;;
220;1803;7;4;;;Asama;Honshu-Japan;Japan;36.4;138.53;2560;Complex volcano;Historical;D1;2;;;1;;;;;;;;;;1;;;;;;;;
221;1803;11;7;;;Asama;Honshu-Japan;Japan;36.4;138.53;2560;Complex volcano;Historical;D1;2;;;1;;;;;;;;;;1;;;;;;;;
222;1804;;;;;Shikotsu;Hokkaido-Japan;Japan;42.7;141.33;1320;Caldera;Historical;D1;3;;;3;;;;;;;;;;3;;;;;;;;
223;1805;8;11;;;Vesuvius;Italy;Italy;40.821;14.426;1281;Complex volcano;Historical;D2;2;;4;1;;;;;;;;;4;1;;;;;;;;
224;1812;4;27;;;Soufriere St. Vincent;W Indies;St. Vincent & the Grenadines;13.33;-61.18;1220;Stratovolcano;Historical;D1;4;T, m;56;2;;;;;;;;;56;2;;;;;;;;
225;1812;8;6;;;Awu;Sangihe Is-Indonesia;Indonesia;3.67;125.5;1320;Stratovolcano;Historical;D1;3;P,M;953;3;;;;;;;;;953;3;;;;;;;;
226;1813;5;;TSU;;Vesuvius;Italy;Italy;40.821;14.426;1281;Complex volcano;Historical;D2;2;;;;;;;;;;;;;;;;;;;;;
227;1814;2;1;;;Mayon;Luzon-Philippines;Philippines;13.257;123.685;2462;Stratovolcano;Historical;D1;4;P,M,E;1200;4;;;;;;3;;3;1200;4;;;;;;3;;3
228;1815;4;10;TSU;;Tambora;Lesser Sunda Is;Indonesia;-8.25;118;2850;Stratovolcano;Historical;D1;7;P,W,A,I;11000;4;;;;4;;4;;4;60000;4;;;;4;;4;;4
229;1816;7;5;;;Aso;Kyushu-Japan;Japan;32.88;131.1;1592;Caldera;Historical;D1;2;T;1;1;;;;;;;;;1;1;;;;;;;;
230;1817;1;24;;;Ijen;Java;Indonesia;-8.058;114.242;2799;Stratovolcano;Historical;D1;2;M;;2;;;;;;;90;2;;2;;;;;;;90;2
231;1817;;;;;Raung;Java;Indonesia;-8.125;114.042;3332;Stratovolcano;Historical;D1;4;;;1;;;;;;;;;;1;;;;;;;;
232;1818;2;5;;;Colima;Mexico;Mexico;19.514;-103.62;3850;Stratovolcano;Historical;D1;4;;;1;;;;;;;;;;1;;;;;;;;
233;1819;;;TSU;;Asuncion;Mariana Is-C Pacific;United States;19.67;145.4;857;Stratovolcano;Historical;D2;;;;;;;;;;;;;;;;;;;;;;
234;1820;3;1;TSU;EQ;Westdahl;Aleutian Is;United States;54.52;-164.65;1654;Stratovolcano;Historical;D1;2;;;;;;;;;;;;;;;;;;;;;
235;1820;6;11;;;Banda Api;Banda Sea;Pacific Ocean;-4.525;129.871;640;Caldera;Historical;D1;2;;;1;;;;;;;;;;1;;;;;;;;
236;1822;3;9;;;Usu;Hokkaido-Japan;Japan;42.53;140.83;731;Stratovolcano;Historical;D1;4;P;50;1;;;53;2;;;;2;50;1;;;53;2;;;;2
237;1822;10;8;;;Galunggung;Java;Indonesia;-7.25;108.05;2168;Stratovolcano;Historical;D1;5;P,M;4011;4;;;;;;3;;3;4011;4;;;;;;3;;3
238;1822;12;27;;;Merapi;Java;Indonesia;-7.542;110.442;2947;Stratovolcano;Historical;D1;3;;100;2;;;;2;;3;;3;100;2;;;;2;;3;;3
239;1823;2;;;;Kilauea;Hawaiian Is;United States;19.425;-155.292;1222;Shield volcano;Historical;D1;0;L;;1;;;;;;;;;;1;;;;;;;;
240;1824;;;;;Shishaldin;Aleutian Is;United States;54.75;-163.97;2857;Stratovolcano;Historical;D1;3;;;;;;;;;;;;;;;;;;;;;
241;1825;;;;;Balbi;Bougainville-SW Paci;Papua New Guinea;-5.83;154.98;2715;Stratovolcano;Holocene;U;;P;;3;;;;;;;;;;3;;;;;;;;
242;1826;10;11;;;Dieng Volc Complex;Java;Indonesia;-7.2;109.92;2565;Complex volcano;Historical;D1;2;;;2;;;;;;;;;;2;;;;;;;;
243;1826;10;11;;;Kelut;Java;Indonesia;-7.93;112.308;1731;Stratovolcano;Historical;D1;3;M;;1;;;65;2;;3;;3;;1;;;65;2;;3;;3
244;1826;10;;;;Aso;Kyushu-Japan;Japan;32.88;131.1;1592;Caldera;Historical;D1;2;T;;3;;;;;;;;;;3;;;;;;;;
245;1827;6;27;TSU;EQ;Avachinsky;Kamchatka;Russia;53.255;158.83;2741;Stratovolcano;Historical;D1;2;;;;;;;;;;;;;;;;;;;;;
246;1827;8;9;;;Avachinsky;Kamchatka;Russia;53.255;158.83;2741;Stratovolcano;Historical;D1;2;;;;;;;;;;;;;;;;;;;;;
247;1829;;;;;Guntur;Java;Indonesia;-7.13;107.83;2249;Complex volcano;Historical;D3;2;;;3;;;;;;;;;;3;;;;;;;;
248;1832;11;1;;;Etna;Italy;Italy;37.734;15.004;3350;Stratovolcano;Historical;D1;2;L;;2;;;;;;;;;;2;;;;;;;;
249;1832;12;25;;;Merapi;Java;Indonesia;-7.542;110.442;2947;Stratovolcano;Historical;D1;3;;32;1;;;;;;;;2;32;1;;;;;;;;2
250;1833;11;24;;;Kaba;Sumatra;Indonesia;-3.52;102.62;1952;Stratovolcano;Historical;D2;2;M;126;3;;;;;;;;;126;3;;;;;;;;
251;1835;1;20;;;Cosiguina;Nicaragua;Nicaragua;12.98;-87.57;872;Stratovolcano;Historical;D3;5;G,I;;1;;;;;;;;;;1;;;;;;;;
252;1835;11;1;;;Banda Api;Banda Sea;Pacific Ocean;-4.525;129.871;640;Caldera;Historical;D1;;;;3;;;;;;2;;2;;3;;;;;;2;;2
253;1837;9;;TSU;EQ;Peuet Sague;Sumatra;Indonesia;4.914;96.329;2801;Complex volcano;Historical;D1;;;;;;;;;;;;;;;;;;;;;;
254;1838;2;26;;;Gamalama;Halmahera-Indonesia;Indonesia;0.8;127.325;1715;Stratovolcano;Historical;D1;2;T;4;1;;;;;;;;;4;1;;;;;;;;
255;1839;2;12;TSU;;Unnamed;Chile-Is;Chile;-33.62;-76.83;-642;Submarine volcano;Uncertain;Unknown;2;;;;;;;;;;;;;;;;;;;;;
256;1840;2;2;TSU;EQ;Gamalama;Halmahera-Indonesia;Indonesia;0.8;127.325;1715;Stratovolcano;Historical;D1;2;;;;;;;;;;;;;;;;;;;;;
257;1840;5;30;TSU;;Kilauea;Hawaiian Is;United States;19.425;-155.292;1222;Shield volcano;Historical;D1;0;;;;;;;;;1;;;;;;;;;;1;;
258;1840;7;2;;;Ararat;Turkey;Turkey;39.7;44.28;5165;Stratovolcano;Holocene;U;3;P;1900;4;;;;;;;;;1900;4;;;;;;;;
259;1840;;;;;Tinakula;Santa Cruz Is-SW Pac;Solomon Is.;-10.38;165.8;851;Stratovolcano;Historical;D1;3;P;;3;;;;;;;;;;3;;;;;;;;
260;1840;;;;;Savo;Solomon Is-SW Pacifi;Solomon Is.;-9.13;159.82;510;Stratovolcano;Historical;D3;3;P;;3;;;;;;;;;;3;;;;;;;;
261;1841;4;;;;Kuchinoerabu-jima;Ryukyu Is;Japan;30.43;130.22;649;Stratovolcano;Historical;D1;2;T;;;;;;;;2;;2;;;;;;;;2;;2
262;1843;2;8;TSU;;Liamuiga;W Indies;St. Kitts & Nevis;17.37;-62.8;1156;Stratovolcano;Radiocarbon;D6;0;;;;;;;;;;;;;;;;;;;;;
263;1843;2;17;TSU;;Soufriere Guadeloupe;W Indies;Guadeloupe;16.05;-61.67;1467;Stratovolcano;Historical;D1;;;;;;;;;;;;;;;;;;;;;;
264;1843;8;;;;Lamongan;Java;Indonesia;-8;113.342;1651;Stratovolcano;Historical;D3;2;;4;1;;;;;;;;;4;1;;;;;;;;
265;1843;11;17;;;Etna;Italy;Italy;37.734;15.004;3350;Stratovolcano;Historical;D1;2;L;56;2;;;;2;;;;;56;2;;;;2;;;;
266;1845;2;8;TSU;EQ;Soputan;Sulawesi-Indonesia;Indonesia;1.108;124.725;1784;Stratovolcano;Historical;D1;2;;;;;;;;;;;;118;3;;;;;;2;;3
267;1845;2;19;;;Ruiz;Colombia;Colombia;4.895;-75.322;5321;Stratovolcano;Historical;D1;3;M;1000;3;;;;;;;;;1000;3;;;;;;;;
268;1845;9;2;;;Hekla;Iceland-S;Iceland;63.98;-19.7;1491;Stratovolcano;Historical;D1;4;;;;;;;;;1;;;;;;;;;;1;;
269;1846;5;7;;;Taupo;New Zealand;New Zealand;-38.82;176;760;Caldera;Radiocarbon;D6;;m;63;2;;;;;;;;;63;2;;;;;;;;
270;1846;5;27;;;Tangkubanparahu;Java;Indonesia;-6.77;107.6;2084;Stratovolcano;Historical;D1;2;;;1;;;;;;;;;;1;;;;;;;;
271;1846;11;18;;;E-san;Hokkaido-Japan;Japan;41.8;141.17;618;Stratovolcano;Historical;D3;1;M;;3;;;;;;;;;;3;;;;;;;;
272;1847;4;9;;;Fogo;Cape Verde Is;Cape Verde;14.95;-24.35;2829;Stratovolcano;Historical;D1;2;S;;1;;;;;;;;;;1;;;;;;;;
273;1847;12;4;;;Dieng Volc Complex;Java;Indonesia;-7.2;109.92;2565;Complex volcano;Historical;D1;2;;;2;;;;;;;;;;2;;;;;;;;
274;1848;5;16;;;Kelut;Java;Indonesia;-7.93;112.308;1731;Stratovolcano;Historical;D1;2;M;21;1;;;;;;;800;3;21;1;;;;;;;800;3
275;1850;;;;;Rabaul;New Britain-SW Pac;Papua New Guinea;-4.271;152.203;688;Pyroclastic shield;Historical;D1;2;T;;3;;;;;;;;;;3;;;;;;;;
276;1853;6;24;;;Niuafo'ou;Tonga-SW Pacific;Tonga;-15.6;-175.63;260;Shield volcano;Historical;D1;0;L;25;1;;;;;;;;;25;1;;;;;;;;
277;1853;7;13;;;Mayon;Luzon-Philippines;Philippines;13.257;123.685;2462;Stratovolcano;Historical;D1;3;P;34;1;;;;;;;;1;34;1;;;;;;;;1
278;1853;10;29;TSU;;Unnamed;Taiwan-E of;Taiwan;24;121.83;0;Submarine volcano;Historical;D3;2;;;;;;;;;;;;;;;;;;;;;
279;1854;2;18;;;Shiveluch;Kamchatka;Russia;56.653;161.36;3283;Stratovolcano;Historical;D1;5;;;;;;;;;1;;;;;;;;;;1;;
280;1854;2;;;;Aso;Kyushu-Japan;Japan;32.88;131.1;1592;Caldera;Historical;D1;2;;3;1;;;;;;;;;3;1;;;;;;;;
281;1854;6;27;TSU;;Alaid;Kuril Is;Russia;50.858;155.55;2339;Stratovolcano;Historical;D1;3;;;;;;;;;;;;;;;;;;;;;
282;1856;3;2;TSU;;Awu;Sangihe Is-Indonesia;Indonesia;3.67;125.5;1320;Stratovolcano;Historical;D1;3;P;2806;4;;;;2;;3;;3;2806;4;;;;2;;3;;3
283;1856;7;26;TSU;;Shishaldin;Aleutian Is;United States;54.75;-163.97;2857;Stratovolcano;Historical;D1;;;;;;;;;;;;;;;;;;;;;;
284;1856;9;25;;;Komaga-take;Hokkaido-Japan;Japan;42.07;140.68;1140;Stratovolcano;Historical;D1;4;P;20;1;;;;;;;;3;20;1;;;;;;;;3
285;1857;4;17;TSU;EQ;Umboi;New Guinea-NE of;Papua New Guinea;-5.589;147.875;1548;Complex volcano;Holocene;U;;;;;;;;;;;;;;;;;;;;;;
286;1858;1;;;;Mayon;Luzon-Philippines;Philippines;13.257;123.685;2462;Stratovolcano;Historical;D1;2;P;;1;;;;;;;;;;1;;;;;;;;
287;1858;4;23;;;Tate-yama;Honshu-Japan;Japan;36.57;137.6;2621;Stratovolcano;Historical;D3;;m;;3;;;;;;;;;;3;;;;;;;;
288;1858;7;3;;;Tate-yama;Honshu-Japan;Japan;36.57;137.6;2621;Stratovolcano;Historical;D3;;m;;3;;;;;;;;;;3;;;;;;;;
289;1860;4;;;;Semeru;Java;Indonesia;-8.108;112.92;3676;Stratovolcano;Historical;D1;2;;;;;;;;;1;;;;;;;;;;;;1
290;1860;8;18;;;Fuego;Guatemala;Guatemala;14.473;-90.88;3763;Stratovolcano;Historical;D1;2;;;;;;;;;1;;;;;;;;;;1;;
291;1860;;;;;Grimsvotn;Iceland-NE;Iceland;64.42;-17.33;1725;Caldera;Historical;D1;;m;1;1;;;;;;;;;1;1;;;;;;;;
292;1861;5;7;;;Dubbi;Africa-NE;Eritrea;13.58;41.808;1625;Stratovolcano;Historical;D3;3;;106;3;;;;;;3;;3;106;3;;;;;;3;;3
293;1861;5;;;;Grimsvotn;Iceland-NE;Iceland;64.42;-17.33;1725;Caldera;Historical;D1;2;;;;;;;;;1;;;;;;;;;;1;;
294;1861;12;29;;;Makian;Halmahera-Indonesia;Indonesia;0.32;127.4;1357;Stratovolcano;Historical;D1;4;P,I;326;3;;;47;1;;;;3;326;3;;;47;1;;;;3
295;1863;8;17;TSU;EQ;Yasur;Vanuatu-SW Pacific;Vanuatu;-19.52;169.425;361;Stratovolcano;Historical;D1;;;;3;;;;;;;;;;3;;;;;;;;
296;1864;1;3;;;Kelut;Java;Indonesia;-7.93;112.308;1731;Stratovolcano;Historical;D1;2;M;54;2;;;;;;;;3;54;2;;;;;;;;3
297;1866;2;20;;;Santorini;Greece;Greece;36.404;25.396;329;Shield volcano;Historical;D2;2;T;1;1;;;;1;;;;;1;1;;;;1;;;;
298;1866;9;12;TSU;;Ofu-Olosega;Samoa-SW Pacific;United States;-14.175;-169.618;639;Shield volcano;Historical;D3;2;;;;;;;;;;;;;;;;;;;;;
299;1867;10;21;;;Zao;Honshu-Japan;Japan;38.15;140.45;1841;Complex volcano;Historical;D2;2;M;3;1;;;;;;;;;3;1;;;;;;;;
300;1868;4;3;TSU;EQ;Mauna Loa;Hawaiian Is;United States;19.475;-155.608;4170;Shield volcano;Historical;D1;2;W,M;;;;;;;;1;37;1;77;2;;;;;;2;;3
301;1868;9;5;TSU;EQ;Etna;Italy;Italy;37.734;15.004;3350;Stratovolcano;Historical;D1;;;;;;;;;;;;;;;;;;;;;;
302;1869;7;7;;;Lewotobi;Lesser Sunda Is;Indonesia;-8.53;122.775;1703;Stratovolcano;Historical;D1;2;;2;1;;;;;;;;;2;1;;;;;;;;
303;1869;8;;;;Lamongan;Java;Indonesia;-8;113.342;1651;Stratovolcano;Historical;D3;2;T,A;8;1;;;;;;;;;8;1;;;;;;;;
304;1870;8;;;;Ruang;Sangihe Is-Indonesia;Indonesia;2.28;125.425;725;Stratovolcano;Historical;D2;2;;;1;;;;;;;40;1;;1;;;;;;;40;1
305;1870;;;;;Iliwerung;Lesser Sunda Is;Indonesia;-8.54;123.59;1018;Complex volcano;Historical;D1;3;;;1;;;;;;;;;;1;;;;;;;;
306;1870;;;;;Aoba;Vanuatu-SW Pacific;Vanuatu;-15.4;167.83;1496;Shield volcano;Historical;D1;2;M;;3;;;;;;3;;3;;3;;;;;;3;;3
307;1871;3;3;TSU;;Ruang;Sangihe Is-Indonesia;Indonesia;2.28;125.425;725;Stratovolcano;Historical;D2;2;W;;;;;;;;1;;1;400;3;;;;;;2;75;2
308;1871;4;30;TSU;EQ;Camiguin;Mindanao-Philippines;Philippines;9.203;124.673;1332;Stratovolcano;Historical;D2;2;;;1;;;;;;3;;3;;1;;;;;;3;;3
309;1871;8;7;;;Gamalama;Halmahera-Indonesia;Indonesia;0.8;127.325;1715;Stratovolcano;Historical;D1;2;T;1;1;;;1;1;;;;;1;1;;;1;1;;;;
310;1871;12;8;;;Mayon;Luzon-Philippines;Philippines;13.257;123.685;2462;Stratovolcano;Historical;D1;3;P;3;1;;;;;;;;;3;1;;;;;;;;
311;1872;4;15;;;Merapi;Java;Indonesia;-7.542;110.442;2947;Stratovolcano;Historical;D1;4;T;30;1;;;;1;;;50;1;30;1;;;;1;;;50;1
312;1872;4;17;;;Merapi;Java;Indonesia;-7.542;110.442;2947;Stratovolcano;Historical;D1;4;P;170;3;;;;;;;;2;170;3;;;;;;;;2
313;1872;4;24;;;Vesuvius;Italy;Italy;40.821;14.426;1281;Complex volcano;Historical;D2;3;L,G;9;1;;;11;1;;;;;9;1;;;11;1;;;;
314;1872;11;3;;;Merapi;Java;Indonesia;-7.542;110.442;2947;Stratovolcano;Historical;D1;4;P,T;200;3;;;;;;3;;3;200;3;;;;;;3;;3
315;1872;12;;;;Aso;Kyushu-Japan;Japan;32.88;131.1;1592;Caldera;Historical;D1;3;T;4;1;;;;;;;;;4;1;;;;;;;;
316;1872;;;;;Sinarka;Kuril Is;Russia;48.875;154.175;934;Stratovolcano;Historical;D3;4;P;;3;;;;;;;;;;3;;;;;;;;
317;1873;1;16;;;Ragang;Mindanao-Philippines;Philippines;7.67;124.5;2815;Stratovolcano;Historical;D2;2;;;1;;;;;;;;;;1;;;;;;;;
318;1873;;;;;Vesuvius;Italy;Italy;40.821;14.426;1281;Complex volcano;Historical;D2;;G,T;9;1;;;;;;;;;9;1;;;;;;;;
319;1874;7;3;;;Miyake-jima;Izu Is-Japan;Japan;34.08;139.53;815;Stratovolcano;Historical;D1;3;T;1;1;;;;;;;;;1;1;;;;;;;;
320;1874;7;19;;;Taal;Luzon-Philippines;Philippines;14.002;120.993;400;Stratovolcano;Historical;D1;2;;;1;;;;;;;;;;1;;;;;;;;
321;1875;1;29;;;Kelut;Java;Indonesia;-7.93;112.308;1731;Stratovolcano;Historical;D1;0;m;;1;;;;;;2;;2;;1;;;;;;2;;2
322;1875;3;29;;;Askja;Iceland-NE;Iceland;65.03;-16.75;1516;Stratovolcano;Historical;D2;5;;;;;;;;;1;;;;;;;;;;1;;
323;1875;;;;;Mayon;Luzon-Philippines;Philippines;13.257;123.685;2462;Stratovolcano;Historical;D1;;m;1500;4;;;;;;;;;1500;4;;;;;;;;
324;1877;2;14;TSU;EQ;Mauna Loa;Hawaiian Is;United States;19.475;-155.608;4170;Shield volcano;Historical;D1;0;;;;;;;;;;;;;;;;;;;;;
325;1877;6;25;;;Cotopaxi;Ecuador;Ecuador;-0.677;-78.436;5911;Stratovolcano;Historical;D2;4;M;340;3;;;;;;;;;340;3;;;;;;;;
326;1878;1;10;TSU;;Yasur;Vanuatu-SW Pacific;Vanuatu;-19.52;169.425;361;Stratovolcano;Historical;D1;3;;;;;;;;;;;;;;;;;;;1;;
327;1878;1;;TSU;;Rabaul;New Britain-SW Pac;Papua New Guinea;-4.271;152.203;688;Pyroclastic shield;Historical;D1;3;T;1;1;;;;;;;;;1;1;;;;;;;;
328;1878;2;11;TSU;EQ;Yasur;Vanuatu-SW Pacific;Vanuatu;-19.52;169.425;361;Stratovolcano;Historical;D1;;;;;;;;;;;;;;;;;;;;;;
329;1878;8;29;TSU;EQ;Okmok;Aleutian Is;United States;53.42;-168.13;1073;Shield volcano;Historical;D1;2;;;;;;;;;;;;;;;;;;;;;
330;1879;2;4;TSU;;Stromboli;Italy;Italy;38.789;15.213;926;Stratovolcano;Historical;D1;2;;;;;;;;;;;;;;;;;;;;;
331;1883;3;;;;Karthala;Indian O-W;Comoros;-11.75;43.38;2361;Shield volcano;Historical;D1;2;L;;3;;;;;;3;;;;3;;;;;;3;;
332;1883;8;27;TSU;;Krakatau;Indonesia;Indonesia;-6.102;105.423;813;Caldera;Historical;D1;6;W,P,I;2000;4;;;;3;;3;;3;36417;4;;;;3;;3;;3
333;1883;10;6;TSU;;Augustine;Alaska-SW;United States;59.37;-153.42;1252;Lava dome;Historical;D1;4;;8;1;;;;;;;;;8;1;;;;;;1;;1
334;1883;10;10;TSU;;Krakatau;Indonesia;Indonesia;-6.102;105.423;813;Caldera;Historical;D1;;;;;;;;;;;;;;;;;;;;;;
335;1883;12;;;;Bagana;Bougainville-SW Paci;Papua New Guinea;-6.14;155.195;1750;Lava cone;Historical;D1;3;T;;2;;;;;;;;;;2;;;;;;;;
336;1884;2;;TSU;;Krakatau;Indonesia;Indonesia;-6.102;105.423;813;Caldera;Historical;D1;;;;;;;;;;;;;;;;;;;;;;
337;1885;4;18;;;Semeru;Java;Indonesia;-8.108;112.92;3676;Stratovolcano;Historical;D1;2;A;74;2;;;;;;;;;74;2;;;;;;;;
338;1885;5;25;;EQ;Purace;Colombia;Colombia;2.32;-76.4;4650;Stratovolcano;Historical;D1;3;;;2;;;;;;2;;2;;2;;;;;;2;;2
339;1886;1;11;;;Tungurahua;Ecuador;Ecuador;-1.467;-78.442;5023;Stratovolcano;Historical;D1;4;P;2;1;;;;;;;;;2;1;;;;;;;;
340;1886;6;10;;;Okataina;New Zealand;New Zealand;-38.12;176.5;1111;Lava dome;Historical;D1;2;T;153;3;;;;;;;;;153;3;;;;;;;;
341;1886;8;31;;;Niuafo'ou;Tonga-SW Pacific;Tonga;-15.6;-175.63;260;Shield volcano;Historical;D1;4;;;1;;1;;;;;;;;1;;1;;;;;;
342;1887;3;9;;;Mayon;Luzon-Philippines;Philippines;13.257;123.685;2462;Stratovolcano;Historical;D1;3;T;15;1;;;;;;1;;1;15;1;;;;;;1;;1
343;1888;3;13;TSU;;Ritter Island;New Guinea-NE of;Papua New Guinea;-5.52;148.121;140;Stratovolcano;Historical;D1;3;W;;;;;;;;;;;;4;;;;;;3;;3
344;1888;7;15;;;Bandai;Honshu-Japan;Japan;37.6;140.08;1819;Stratovolcano;Historical;D3;4;A,P;461;3;;;70;2;;2;;2;461;3;;;70;2;;2;;2
345;1889;9;6;TSU;EQ;Banua Wuhu;Sangihe Is-Indonesia;Indonesia;3.138;125.491;-5;Submarine volcano;Historical;D2;2;;;;;;;;;;;;;;;;;;;;;
346;1890;6;29;;;Makian;Halmahera-Indonesia;Indonesia;0.32;127.4;1357;Stratovolcano;Historical;D1;2;;;;;;;;;3;;3;;;;;;;;3;;3
347;1890;;;;;Victory;New Guinea;Papua New Guinea;-9.2;149.07;1925;Stratovolcano;Historical;D2;2;P;;3;;;;;;;;;;3;;;;;;;;
348;1892;5;21;;;Sorikmarapi;Sumatra;Indonesia;0.686;99.539;2145;Stratovolcano;Historical;D1;2;M;180;3;;;;;;;;;180;3;;;;;;;;
349;1892;6;7;TSU;;Awu;Sangihe Is-Indonesia;Indonesia;3.67;125.5;1320;Stratovolcano;Historical;D1;3;P,M;1532;4;;;;;;3;;3;1532;4;;;;;;3;;3
350;1892;8;30;TSU;;Tofua;Tonga-SW Pacific;Tonga;-19.75;-175.07;512;Caldera;Historical;D2;2;;;;;;;;;;;;;;;;;;;;;
351;1893;1;7;;;Calbuco;Chile-S;Chile;-41.326;-72.614;2003;Stratovolcano;Historical;D2;4;;;;;;;;;1;;;;;;;;;;1;;
352;1893;5;19;;;Azuma;Honshu-Japan;Japan;37.73;140.25;2024;Stratovolcano;Historical;D1;2;T;2;1;;;;;;;;;2;1;;;;;;;;
353;1894;10;;;;Ambrym;Vanuatu-SW Pacific;Vanuatu;-16.25;168.12;1334;Pyroclastic shield;Historical;D1;3;T,L;10;1;;;;;;;;;10;1;;;;;;;;
354;1895;5;22;;;Semeru;Java;Indonesia;-8.108;112.92;3676;Stratovolcano;Historical;D1;2;;;1;;;;;;1;;;;1;;;;;;1;;
355;1895;6;17;;;Karkar;New Guinea-NE of;Papua New Guinea;-4.649;145.964;1839;Stratovolcano;Historical;D1;2;I,M;1;1;;;;;;;;;21;1;;;;;;;;
356;1895;10;16;;;Kirishima;Kyushu-Japan;Japan;31.93;130.87;1700;Shield volcano;Historical;D1;2;T;4;1;;;;;;;;;4;1;;;;;;;;
357;1895;;;;;Dakataua;New Britain-SW Pac;Papua New Guinea;-5.056;150.108;400;Caldera;Anthropology;D3;2;?;;1;;;;;;1;;;;1;;;;;;1;;
358;1896;3;15;;;Kirishima;Kyushu-Japan;Japan;31.93;130.87;1700;Shield volcano;Historical;D1;2;T;1;1;;;1;1;;;;;1;1;;;1;1;;;;
359;1897;3;26;TSU;;Tinakula;Santa Cruz Is-SW Pac;Solomon Is.;-10.38;165.8;851;Stratovolcano;Historical;D1;2;;;;;;;;;;;;;;;;;;;1;;
360;1897;5;23;;;Mayon;Luzon-Philippines;Philippines;13.257;123.685;2462;Stratovolcano;Historical;D1;3;P,T,M;350;3;;;;;;;;;350;3;;;;;;;;
361;1899;11;13;;;Dona Juana;Colombia;Colombia;1.47;-76.92;4150;Stratovolcano;Historical;D2;4;P;55;2;;;;;;;;;55;2;;;;;;;;
362;1899;;;;;Manam;New Guinea-NE of;Papua New Guinea;-4.1;145.061;1807;Stratovolcano;Historical;D1;2;;2;1;;;;;;;;;2;1;;;;;;;;
363;1900;1;22;;;Asama;Honshu-Japan;Japan;36.4;138.53;2560;Complex volcano;Historical;D1;2;;25;1;;;;;;;;;25;1;;;;;;;;
364;1900;2;16;;;Kirishima;Kyushu-Japan;Japan;31.93;130.87;1700;Shield volcano;Historical;D1;2;;2;1;;;3;1;;;;;2;1;;;3;1;;;;
365;1900;7;17;;;Adatara;Honshu-Japan;Japan;37.62;140.28;1718;Stratovolcano;Historical;D1;2;T;72;2;;;10;1;;;;;72;2;;;10;1;;;;
366;1900;;;;;Tullu Moje;Africa-NE;Ethiopia;8.158;39.13;2349;Pumice cone;Anthropology;D2;;;;;;;;;;1;;;;;;;;;;;;
367;1901;5;22;;;Kelut;Java;Indonesia;-7.93;112.308;1731;Stratovolcano;Historical;D1;3;;;2;;;;;;;;;;2;;;;;;;;
368;1901;8;9;TSU;EQ;Epi;Vanuatu-SW Pacific;Vanuatu;-16.68;168.37;833;Stratovolcano;Historical;D1;;;;;;;;;;;;;;1;;;;;;2;;
369;1902;5;5;TSU;;Pelee;W Indies;Martinique;14.82;-61.17;1397;Stratovolcano;Historical;D2;;;23;1;;;;;;;;;23;1;;;;;;;;
370;1902;5;7;TSU;;Soufriere St. Vincent;W Indies;St. Vincent & the Grenadines;13.33;-61.18;1220;Stratovolcano;Historical;D1;4;P;1680;4;;;;3;;;;;1680;4;;;;3;;;;
371;1902;5;8;TSU;;Pelee;W Indies;Martinique;14.82;-61.17;1397;Stratovolcano;Historical;D2;4;P;28000;4;;;;;;;;;28000;4;;;;;;;;
372;1902;5;20;TSU;;Pelee;W Indies;Martinique;14.82;-61.17;1397;Stratovolcano;Historical;D2;;;;;;;;;;;;;;;;;;;;;;
373;1902;8;7;;;Tori-shima;Izu Is-Japan;Japan;30.48;140.32;403;Stratovolcano;Historical;D1;3;;125;3;;;;;;;;;125;3;;;;;;;;
374;1902;8;30;TSU;;Pelee;W Indies;Martinique;14.82;-61.17;1397;Stratovolcano;Historical;D2;4;P;1500;3;;;;;;;;;1500;3;;;;;;;;
375;1902;10;25;;;Santa Maria;Guatemala;Guatemala;14.756;-91.552;3772;Stratovolcano;Historical;D1;6;T,G;2500;4;;;;;;2;;2;10000;4;;;;;;2;;2
376;1902;12;;;;Merapi;Java;Indonesia;-7.542;110.442;2947;Stratovolcano;Historical;D1;2;P;16;1;;;45;1;;;;2;16;1;;;45;1;;;;2
377;1903;8;30;;;Okataina;New Zealand;New Zealand;-38.12;176.5;1111;Lava dome;Historical;D1;1;T;4;1;;;;;;;;;4;1;;;;;;;;
378;1903;;;;;Karthala;Indian O-W;Comoros;-11.75;43.38;2361;Shield volcano;Historical;D1;;G;17;1;;;;;;;;;17;1;;;;;;;;
379;1904;2;25;;;Karthala;Indian O-W;Comoros;-11.75;43.38;2361;Shield volcano;Historical;D1;2;L;1;1;;;;;;1;;;1;1;;;;;;1;;
380;1905;3;10;;;Vesuvius;Italy;Italy;40.821;14.426;1281;Complex volcano;Historical;D2;2;T;1;1;;;1;1;;;;;1;1;;;1;1;;;;
381;1905;8;4;TSU;;Savai'i;Samoa-SW Pacific;Samoa;-13.612;-172.525;1858;Shield volcano;Historical;D2;2;;;;;;;;;3;;3;;;;;;;;3;;3
382;1906;4;4;TSU;;Vesuvius;Italy;Italy;40.821;14.426;1281;Complex volcano;Historical;D2;3;T,L;350;3;;;300;3;;;;;350;3;;;300;3;;;;
383;1907;7;;TSU;;Unnamed;Tonga-SW Pacific;Tonga;-21.38;-175.65;-500;Submarine volcano;Historical;D2;0;;;;;;;;;;;;;;;;;;;;;
384;1907;8;4;;;Alayta;Africa-NE;Ethiopia;12.88;40.57;1501;Shield volcano;Historical;D2;2;;;1;;;;;;;;;;1;;;;;;;;
385;1907;9;28;;;Lewotobi;Lesser Sunda Is;Indonesia;-8.53;122.775;1703;Stratovolcano;Historical;D1;2;;1;1;;;;1;;;;;1;1;;;;1;;;;
386;1907;10;6;TSU;;Savai'i;Samoa-SW Pacific;Samoa;-13.612;-172.525;1858;Shield volcano;Historical;D2;;;;;;;;;;3;;3;;;;;;;;3;;3
387;1909;4;28;;EQ;Cameroon, Mt.;Africa-W;Cameroon;4.203;9.17;4095;Stratovolcano;Historical;D1;2;;;;;;;;;;;;;;;;;;;;;
388;1909;9;;;;Semeru;Java;Indonesia;-8.108;112.92;3676;Stratovolcano;Historical;D1;2;m;221;3;;;;;;1;;;221;3;;;;;;1;;
389;1910;3;20;;;Taupo;New Zealand;New Zealand;-38.82;176;760;Caldera;Radiocarbon;D6;;m;1;1;;;;;;;;;1;1;;;;;;;;
390;1910;7;25;;;Usu;Hokkaido-Japan;Japan;42.53;140.83;731;Stratovolcano;Historical;D1;2;M;1;1;;;;;;;;;1;1;;;;;;;;
391;1911;1;30;TSU;EQ;Taal;Luzon-Philippines;Philippines;14.002;120.993;400;Stratovolcano;Historical;D1;3;P,W;1335;4;;;199;3;;3;543;3;1335;4;;;199;3;;3;543;3
392;1911;5;8;;;Asama;Honshu-Japan;Japan;36.4;138.53;2560;Complex volcano;Historical;D1;2;;1;1;;;;;;;60;2;1;1;;;;;;;60;2
393;1911;8;15;;;Asama;Honshu-Japan;Japan;36.4;138.53;2560;Complex volcano;Historical;D1;2;;;3;;;;;;;;;;3;;;;;;;;
394;1911;11;3;TSU;;Piparo;Trinidad;Trinidad ;10;-61;140;Mud volcano;Historical;D1;;;;;;;;;;;;;;;;;;;;;;
395;1911;11;8;;;Semeru;Java;Indonesia;-8.108;112.92;3676;Stratovolcano;Historical;D1;3;;;;;;;;;1;;;;;;;;;;1;;
396;1912;9;6;;;Novarupta;Alaska Peninsula;United States;58.27;-155.16;841;Caldera;Historical;D2;6;T;2;1;;;;;;;;;2;1;;;;;;;;
397;1912;12;3;;;Nyamuragira;Africa-C;Congo, DRC;-1.408;29.2;3058;Shield volcano;Historical;D1;3;L;20;1;;;;;;;;;20;1;;;;;;;;
398;1913;1;20;;;Colima;Mexico;Mexico;19.514;-103.62;3850;Stratovolcano;Historical;D1;4;P,m;13;1;;;;;;;;;13;1;;;;;;;;
399;1913;3;14;TSU;EQ;Awu;Sangihe Is-Indonesia;Indonesia;3.67;125.5;1320;Stratovolcano;Historical;D1;2;;;;;;;;;;;;138;3;;;;2;;2;;3
400;1913;5;29;;;Asama;Honshu-Japan;Japan;36.4;138.53;2560;Complex volcano;Historical;D1;1;T;1;1;;;;;;;;;1;1;;;;;;;;
401;1913;6;23;;;Semeru;Java;Indonesia;-8.108;112.92;3676;Stratovolcano;Historical;D1;2;;;;;;;;;1;;;;;;;;;;1;;
402;1913;12;6;;;Ambrym;Vanuatu-SW Pacific;Vanuatu;-16.25;168.12;1334;Pyroclastic shield;Historical;D1;3;T;21;1;;;;;;3;;;21;1;;;;;;3;;
403;1914;1;12;TSU;EQ;Sakura-jima;Kyushu-Japan;Japan;31.58;130.67;1117;Stratovolcano;Historical;D1;4;I,S,A,T;28;1;;;;3;0.04;1;2148;4;63;2;;;112;3;19;3;2268;4
404;1914;1;18;;;Pago;New Britain-SW Pac;Papua New Guinea;-5.58;150.52;742;Caldera;Historical;D2;3;I;;1;;;;;;;;;;1;;;;;;;;
405;1914;9;10;;;White Island;New Zealand;New Zealand;-37.52;177.18;321;Stratovolcano;Historical;D1;;A;11;1;;;;;;;;;11;1;;;;;;;;
406;1914;;;;;Aoba;Vanuatu-SW Pacific;Vanuatu;-15.4;167.83;1496;Shield volcano;Historical;D1;;L;100;2;;;;;;;;;100;2;;;;;;;;
407;1916;3;3;;;Tungurahua;Ecuador;Ecuador;-1.467;-78.442;5023;Stratovolcano;Historical;D1;4;;;;;;;;;;;;;;;;;;;;;
408;1916;7;3;TSU;;Stromboli;Italy;Italy;38.789;15.213;926;Stratovolcano;Historical;D1;3;;;;;;;;;;;;;;;;;;;1;;
409;1917;1;1;;;Lengai, Ol Doinyo;Africa-E;Tanzania;-2.751;35.902;2890;Stratovolcano;Historical;D1;3;;;;;;;;;1;;;;;;;;;;1;;
410;1917;4;1;;;Okataina;New Zealand;New Zealand;-38.12;176.5;1111;Lava dome;Historical;D1;1;T;2;1;;;3;1;;;;;2;1;;;3;1;;;;
411;1917;4;;;;Calbuco;Chile-S;Chile;-41.326;-72.614;2003;Stratovolcano;Historical;D2;3;;;;;;;;;;;;;;;;;;;;;
412;1917;6;7;;EQ;San Salvador;El Salvador;El Salvador;13.736;-89.286;1893;Stratovolcano;Historical;D2;3;S,L;325;3;;;;;;;;;325;3;;;;;;;;
413;1918;7;18;TSU;;Banua Wuhu;Sangihe Is-Indonesia;Indonesia;3.138;125.491;-5;Submarine volcano;Historical;D2;3;;;;;;;;;;;;;;;;;;;;;
414;1918;10;12;;;Katla;Iceland-S;Iceland;63.63;-19.05;1512;Subglacial volcano;Historical;D2;4;;;;;;;;;1;;;;;;;;;;1;;
415;1919;2;19;;;Popocatepetl;Mexico;Mexico;19.023;-98.622;5426;Stratovolcano;Historical;D1;1;A;;2;;;;;;;;;;;;;;;;;;
416;1919;4;3;TSU;;Banua Wuhu;Sangihe Is-Indonesia;Indonesia;3.138;125.491;-5;Submarine volcano;Historical;D2;;;;;;;;;;1;;1;;;;;;;;1;;1
417;1919;5;19;;;Kelut;Java;Indonesia;-7.93;112.308;1731;Stratovolcano;Historical;D1;4;M;5110;4;;;;;;;9000;4;5110;4;;;;;;;9000;4
418;1919;5;22;TSU;;Stromboli;Italy;Italy;38.789;15.213;926;Stratovolcano;Historical;D1;3;T;4;1;;;;3;;1;10;1;4;1;;;;3;;1;10;1
419;1919;7;6;;;Nasu;Honshu-Japan;Japan;37.12;139.97;1917;Stratovolcano;Historical;D2;;G;2;1;;;;;;;;;2;1;;;;;;;;
420;1919;9;29;TSU;;Mauna Loa;Hawaiian Is;United States;19.475;-155.608;4170;Shield volcano;Historical;D1;0;;;;;;;;;;;;;;;;;;;;;
421;1920;7;25;;;Merapi;Java;Indonesia;-7.542;110.442;2947;Stratovolcano;Historical;D1;3;P;33;1;;;;;;;;;33;1;;;;;;;;
422;1920;10;29;;;Izalco;El Salvador;El Salvador;13.813;-89.633;1950;Stratovolcano;Historical;D1;3;P;;1;;;;;;;;;;1;;;;;;;;
423;1921;11;26;;;Nasu;Honshu-Japan;Japan;37.12;139.97;1917;Stratovolcano;Historical;D2;;G;1;1;;;;;;;;;1;1;;;;;;;;
424;1923;3;11;;;Papandayan;Java;Indonesia;-7.32;107.73;2665;Stratovolcano;Historical;D2;1;G;1;1;;;;;;;;;1;1;;;;;;;;
425;1923;6;;;;Tangkubanparahu;Java;Indonesia;-6.77;107.6;2084;Stratovolcano;Historical;D1;;G;3;1;;;;;;;;;3;1;;;;;;;;
426;1923;7;1;;;Kirishima;Kyushu-Japan;Japan;31.93;130.87;1700;Shield volcano;Historical;D1;2;;1;1;;;;;;;;;1;1;;;;;;;;
427;1924;5;10;;;Kilauea;Hawaiian Is;United States;19.425;-155.292;1222;Shield volcano;Historical;D1;2;T;1;1;;;;;;;;;1;1;;;;;;;;
428;1926;5;24;;;Tokachi;Hokkaido-Japan;Japan;43.42;142.68;2077;Stratovolcano;Historical;D1;3;M,T;144;3;;;207;3;;;5080;4;144;3;;;207;3;;;5080;4
429;1927;8;7;TSU;;Paluweh;Lesser Sunda Is;Indonesia;-8.32;121.708;875;Stratovolcano;Historical;D1;;;;;;;;;;;;;;;;;;;;;;
430;1927;9;5;;;Esjufjoll;Iceland-SE;Iceland;64.27;-16.65;1760;Stratovolcano;Historical;D2;1;M;1;1;;;;;;;;;1;1;;;;;;;;
431;1928;1;23;;;Santorini;Greece;Greece;36.404;25.396;329;Shield volcano;Historical;D2;2;S;48;1;;;;;;;;;48;1;;;;;;;;
432;1928;1;;;;Mayon;Luzon-Philippines;Philippines;13.257;123.685;2462;Stratovolcano;Historical;D1;3;P;;1;;;;;;;;;;1;;;;;;;;
433;1928;3;28;TSU;;Krakatau;Indonesia;Indonesia;-6.102;105.423;813;Caldera;Historical;D1;;;;;;;;;;;;;;;;;;;;;;
434;1928;5;13;;;Dieng Volc Complex;Java;Indonesia;-7.2;109.92;2565;Complex volcano;Historical;D1;2;T;40;1;;;;;;;;;40;1;;;;;;;;
435;1928;8;4;TSU;;Paluweh;Lesser Sunda Is;Indonesia;-8.32;121.708;875;Stratovolcano;Historical;D1;3;W,T;98;2;;;;;;;;;226;3;;;200;3;;;;2
436;1928;11;2;;;Etna;Italy;Italy;37.734;15.004;3350;Stratovolcano;Historical;D1;1;L;5;1;;;;;;;;;5;1;;;;;;;;
437;1929;1;6;;;Calbuco;Chile-S;Chile;-41.326;-72.614;2003;Stratovolcano;Historical;D2;3;;;;;;;;;;;;;;;;;;;;;
438;1929;6;17;;;Komaga-take;Hokkaido-Japan;Japan;42.07;140.68;1140;Stratovolcano;Historical;D1;4;T;2;1;;;4;1;;;;;2;1;;;4;1;;;;
439;1929;8;2;;;Etna;Italy;Italy;37.734;15.004;3350;Stratovolcano;Historical;D1;2;T;2;1;;;;;;;;;2;1;;;;;;;;
440;1929;11;2;;;Santa Maria;Guatemala;Guatemala;14.756;-91.552;3772;Stratovolcano;Historical;D1;3;P,M;200;3;;;;;;;;;200;3;;;;;;;;
441;1930;3;17;TSU;;Krakatau;Indonesia;Indonesia;-6.102;105.423;813;Caldera;Historical;D1;2;;;;;;;;;;;;;;;;;;;;;
442;1930;8;20;;;Asama;Honshu-Japan;Japan;36.4;138.53;2560;Complex volcano;Historical;D1;3;T;6;1;;;;;;;;;6;1;;;;;;;;
443;1930;9;11;TSU;;Stromboli;Italy;Italy;38.789;15.213;926;Stratovolcano;Historical;D1;3;P;5;1;;;20;1;;2;;;6;1;;;20;1;;2;;
444;1930;12;18;;;Merapi;Java;Indonesia;-7.542;110.442;2947;Stratovolcano;Historical;D1;3;P,M;1369;4;;;;;;3;1109;4;1369;4;;;;;;3;1109;4
445;1931;8;20;;;Asama;Honshu-Japan;Japan;36.4;138.53;2560;Complex volcano;Historical;D1;3;;3;1;;;;;;;;;3;1;;;;;;;;
446;1932;1;21;;;Fuego;Guatemala;Guatemala;14.473;-90.88;3763;Stratovolcano;Historical;D1;4;;;1;;;;;;;;;;1;;;;;;;;
447;1932;2;;;;Merapi;Java;Indonesia;-7.542;110.442;2947;Stratovolcano;Historical;D1;;m;;1;;;;;;;;;;1;;;;;;;;
448;1932;10;1;;;Kusatsu-Shirane;Honshu-Japan;Japan;36.62;138.55;2176;Stratovolcano;Historical;D1;3;M;2;1;;;7;1;;;;;2;1;;;7;1;;;;
449;1933;1;8;TSU;EQ;Kharimkotan;Kuril Is;Russia;49.12;154.508;1145;Stratovolcano;Historical;D2;3;W;;;;;;;;;;;2;1;;;;;;;;
450;1933;5;10;;;Hakone;Honshu-Japan;Japan;35.22;139.02;1438;Complex volcano;Radiocarbon;D7;;G;1;1;;;;;;;;;1;1;;;;;;;;
451;1933;12;24;;;Kuchinoerabu-jima;Ryukyu Is;Japan;30.43;130.22;649;Stratovolcano;Historical;D1;4;T;8;1;;;26;1;;;;;8;1;;;26;1;;;;
452;1933;12;25;TSU;;Bulusan;Luzon-Philippines;Philippines;12.77;124.05;1565;Stratovolcano;Historical;D1;2;;;;;;;;;;;;9;1;;;;;;3;;
453;1934;;;;;Hood;US-Oregon;United States;45.374;-121.694;3426;Stratovolcano;Historical;D3;;G;1;1;;;;;;;;;1;1;;;;;;;;
454;1936;2;;;;Asama;Honshu-Japan;Japan;36.4;138.53;2560;Complex volcano;Historical;D1;3;P,T;2;1;;;;;;;;;2;1;;;;;;;;
455;1937;2;9;;;Llaima;Chile-C;Chile;-38.692;-71.729;3125;Stratovolcano;Historical;D1;2;F;3;1;;;;;;1;;;3;1;;;;;;1;;
456;1937;5;29;TSU;EQ;Rabaul;New Britain-SW Pac;Papua New Guinea;-4.271;152.203;688;Pyroclastic shield;Historical;D1;4;P,T,W,I;507;3;;;;;;1;;1;507;3;;;;;;1;;1
457;1938;1;28;TSU;;Nyamuragira;Africa-C;Congo, DRC;-1.408;29.2;3058;Shield volcano;Historical;D1;1;;;;;;;;;1;;;;;;;;;;1;;
458;1938;5;9;;;Bandai;Honshu-Japan;Japan;37.6;140.08;1819;Stratovolcano;Historical;D3;;m;2;1;;;;;;;;;2;1;;;;;;;;
459;1938;6;5;;;Mayon;Luzon-Philippines;Philippines;13.257;123.685;2462;Stratovolcano;Historical;D1;2;;;1;;;;;;;;;;1;;;;;;;;
460;1938;7;16;;;Asama;Honshu-Japan;Japan;36.4;138.53;2560;Complex volcano;Historical;D1;1;T;;1;;;;;;;;;;1;;;;;;;;
461;1939;8;17;;;Tori-shima;Izu Is-Japan;Japan;30.48;140.32;403;Stratovolcano;Historical;D1;2;;2;1;;;;;;;;;2;1;;;;;;;;
462;1939;10;13;;;Dieng Volc Complex;Java;Indonesia;-7.2;109.92;2565;Complex volcano;Historical;D1;1;T;10;1;;;;;;1;;;10;1;;;;;;1;;
463;1940;6;20;;;Karangetang [Api Siau];Sangihe Is-Indonesia;Indonesia;2.78;125.48;1784;Stratovolcano;Historical;D1;2;;1;1;;;2;1;;;;;1;1;;;2;1;;;;
464;1940;7;12;;;Miyake-jima;Izu Is-Japan;Japan;34.08;139.53;815;Stratovolcano;Historical;D1;2;L;11;1;;;20;1;;;;;11;1;;;20;1;;;;
465;1940;7;24;;;Lengai, Ol Doinyo;Africa-E;Tanzania;-2.751;35.902;2890;Stratovolcano;Historical;D1;2;;;;;;;;;1;;;;;;;;;;1;;
466;1941;7;13;;;Asama;Honshu-Japan;Japan;36.4;138.53;2560;Complex volcano;Historical;D1;2;T;1;1;;;1;1;;;;;1;1;;;1;1;;;;
467;1941;9;21;;;Semeru;Java;Indonesia;-8.108;112.92;3676;Stratovolcano;Historical;D1;2;;;;;;;;;1;;;;;;;;;;1;;
468;1943;2;20;;;Michoacan-Guanajuato;Mexico;Mexico;19.48;-102.25;3860;Cinder cone;Historical;D2;4;E,I;3;1;;;;;;;;;103;1;;;;;;;;
469;1943;4;13;;;Azul, Cerro;Galapagos;Ecuador;-0.9;-91.42;1690;Shield volcano;Historical;D1;3;T;1;1;;;;;;;;;1;1;;;;;;;;
470;1944;3;27;;;Vesuvius;Italy;Italy;40.821;14.426;1281;Complex volcano;Historical;D2;2;T,L,I;27;1;;;;;;;;;27;1;;;;;;;;
471;1944;6;10;;;Cleveland;Aleutian Is;United States;52.82;-169.95;1730;Stratovolcano;Historical;D1;3;T;1;1;;;;;;;;;1;1;;;;;;;;
472;1944;6;23;;;Usu;Hokkaido-Japan;Japan;42.53;140.83;731;Stratovolcano;Historical;D1;2;T;1;1;;;;;;;;;1;1;;;;;;;;
473;1944;8;20;TSU;;Stromboli;Italy;Italy;38.789;15.213;926;Stratovolcano;Historical;D1;2;;;;;;;;;;;;;;;;;;;;;
474;1944;8;26;;;Usu;Hokkaido-Japan;Japan;42.53;140.83;731;Stratovolcano;Historical;D1;2;G;1;1;;;;;;;;;1;1;;;;;;;;
475;1944;12;4;;;Dieng Volc Complex;Java;Indonesia;-7.2;109.92;2565;Complex volcano;Historical;D1;2;T;117;3;;;250;3;;;;;117;3;;;250;3;;;;
476;1946;1;;;;Sakura-jima;Kyushu-Japan;Japan;31.58;130.67;1117;Stratovolcano;Historical;D1;2;;1;1;;;;;;;;;1;1;;;;;;;;
477;1946;2;;;;Semeru;Java;Indonesia;-8.108;112.92;3676;Stratovolcano;Historical;D1;2;F;6;1;;;;;;2;81;2;6;1;;;;;;2;81;2
478;1946;10;29;;;Semeru;Java;Indonesia;-8.108;112.92;3676;Stratovolcano;Historical;D1;2;;;;;;;;;1;;;;;;;;;;1;;
479;1946;11;13;TSU;;Sarychev Peak;Kuril Is;Russia;48.092;153.2;1496;Stratovolcano;Historical;D1;4;;;;;;;;;;;;;;;;;;;;;
480;1947;1;7;;;Mayon;Luzon-Philippines;Philippines;13.257;123.685;2462;Stratovolcano;Historical;D1;2;;;1;;;;;;;;;;1;;;;;;;;
481;1947;7;6;;;Asama;Honshu-Japan;Japan;36.4;138.53;2560;Complex volcano;Historical;D1;2;;11;1;;;;;;;;;11;1;;;;;;;;
482;1947;9;16;;;Akagi;Honshu-Japan;Japan;36.53;139.18;1828;Stratovolcano;Historical;D6;;m;699;3;;;;;;;;;699;3;;;;;;;;
483;1947;11;2;;;Hekla;Iceland-S;Iceland;63.98;-19.7;1491;Stratovolcano;Historical;D1;4;L;1;1;;;;;;;;;1;1;;;;;;;;
484;1948;4;7;;;Iliwerung;Lesser Sunda Is;Indonesia;-8.54;123.59;1018;Complex volcano;Historical;D1;2;;;;;;;;;2;;;;;;;;;;2;;
485;1949;1;1;;;Villarrica;Chile-C;Chile;-39.42;-71.93;2847;Stratovolcano;Historical;D1;3;M;54;2;;;;;;2;;;54;2;;;;;;2;;
486;1949;5;26;;;Purace;Colombia;Colombia;2.32;-76.4;4650;Stratovolcano;Historical;D1;2;T;17;1;;;;;;;;;17;1;;;;;;;;
487;1949;6;;;;Camiguin;Mindanao-Philippines;Philippines;9.203;124.673;1332;Stratovolcano;Historical;D2;3;P;2;1;;;;;;;;;2;1;;;;;;;;
488;1950;8;28;;;Semeru;Java;Indonesia;-8.108;112.92;3676;Stratovolcano;Historical;D1;1;P;6;1;;;;;;;;;6;1;;;;;;;;
489;1950;9;15;;;Camiguin;Mindanao-Philippines;Philippines;9.203;124.673;1332;Stratovolcano;Historical;D2;3;P;68;2;;;;;;;;;68;2;;;;;;;;
490;1950;9;23;;;Asama;Honshu-Japan;Japan;36.4;138.53;2560;Complex volcano;Historical;D1;2;T;1;1;;;1;1;;;;1;1;1;;;1;1;;;;1
491;1951;1;21;;;Lamington;New Guinea;Papua New Guinea;-8.95;148.15;1680;Stratovolcano;Historical;D2;4;P;2942;4;;;;2;;;;;2942;4;;;;2;;;;
492;1951;8;3;TSU;EQ;Cosiguina;Nicaragua;Nicaragua;12.98;-87.57;872;Stratovolcano;Historical;D3;;;;;;;;;;;;;;;;;;;;3;;2
493;1951;8;31;;;Kelut;Java;Indonesia;-7.93;112.308;1731;Stratovolcano;Historical;D1;3;;7;1;;;;;;;;;7;1;;;;;;;;
494;1951;11;5;;;Hakone;Honshu-Japan;Japan;35.22;139.02;1438;Complex volcano;Radiocarbon;D7;;G;2;1;;;;;;;;;2;1;;;;;;;;
495;1951;12;4;;;Camiguin;Mindanao-Philippines;Philippines;9.203;124.673;1332;Stratovolcano;Historical;D2;3;P;500;3;1500;4;;;;;;;500;3;1500;4;;;;;;
496;1951;;;TSU;;Kavachi;Solomon Is-SW Pacifi;Solomon Is.;-9.02;157.95;-20;Submarine volcano;Historical;D1;2;;;;;;;;;;;;;;;;;;;;;
497;1952;3;27;;;Hakone;Honshu-Japan;Japan;35.22;139.02;1438;Complex volcano;Radiocarbon;D7;;G;1;1;;;;;;;;;1;1;;;;;;;;
498;1952;9;16;TSU;;Myojun Knoll;Izu Is-Japan;Japan;32.1;139.85;360;Submarine volcano;Holocene;Unknown;2;;;;;;;;;;;;;;;;;;;;;
499;1952;9;23;TSU;;Myojun Knoll;Izu Is-Japan;Japan;32.1;139.85;360;Submarine volcano;Holocene;Unknown;2;;;;;;;;;;;;;;;;;;;;;
500;1952;9;24;TSU;;Myojun Knoll;Izu Is-Japan;Japan;32.1;139.85;360;Submarine volcano;Holocene;Unknown;2;P;31;1;;;;;;1;;;31;1;;;;;;1;;
501;1952;9;26;TSU;;Myojun Knoll;Izu Is-Japan;Japan;32.1;139.85;360;Submarine volcano;Holocene;Unknown;2;;;;;;;;;;;;;;;;;;;;;
502;1952;;;;;Ambalatungan Group;Luzon-Philippines;Philippines;17.32;121.1;2329;Compound volcano;Fumarolic;U;1;;12;1;;;;;;;;;12;1;;;;;;;;
503;1953;3;11;TSU;;Myojun Knoll;Izu Is-Japan;Japan;32.1;139.85;360;Submarine volcano;Holocene;Unknown;2;;;;;;;;;;;;;;;;;;;;;
504;1953;3;23;;;Merapi;Java;Indonesia;-7.542;110.442;2947;Stratovolcano;Historical;D1;3;P;64;2;;;57;2;;2;144;3;64;2;;;57;2;;2;144;3
505;1953;3;25;TSU;;Myojun Knoll;Izu Is-Japan;Japan;32.1;139.85;360;Submarine volcano;Holocene;Unknown;2;;;;;;;;;;;;;;;;;;;;;
506;1953;4;27;;;Aso;Kyushu-Japan;Japan;32.88;131.1;1592;Caldera;Historical;D1;2;T;6;1;;;;;;;;;6;1;;;;;;;;
507;1953;6;27;TSU;;St. Andrew Strait;Admiralty Is-SW Paci;Papua New Guinea;-2.38;147.35;270;Complex volcano;Historical;D2;0;;;;;;;;;;;;;;;;;;;1;;
508;1953;6;;;;Sirung;Lesser Sunda Is;Indonesia;-8.51;124.148;862;Complex volcano;Historical;D1;0;;5;1;;;1;1;;;;;5;1;;;1;1;;;;
509;1953;7;26;;;Hakone;Honshu-Japan;Japan;35.22;139.02;1438;Complex volcano;Radiocarbon;D7;;A;10;1;;;;;;;;;10;1;;;;;;;;
510;1953;10;5;;;Oshima;Izu Is-Japan;Japan;34.73;139.38;758;Stratovolcano;Historical;D1;1;;1;1;;;;;;;;;1;1;;;;;;;;
511;1953;12;24;;;Ruapehu;New Zealand;New Zealand;-39.28;175.57;2797;Stratovolcano;Historical;D1;;m;151;3;;;;;;;;;151;3;;;;;;;;
512;1954;2;;TSU;;Stromboli;Italy;Italy;38.789;15.213;926;Stratovolcano;Historical;D1;;;;;;;;;;;;;;;;;;;;;;
513;1954;7;21;;;Tate-yama;Honshu-Japan;Japan;36.57;137.6;2621;Stratovolcano;Historical;D3;;G;1;1;;;;;;;;;1;1;;;;;;;;
514;1954;8;3;;;Bam;New Guinea-NE of;Papua New Guinea;-3.6;144.85;685;Stratovolcano;Historical;D2;2;I;;;;;;2;;;;;25;1;;;;2;;;;
515;1954;;;;;Camiguin;Mindanao-Philippines;Philippines;9.203;124.673;1332;Stratovolcano;Historical;D2;;m;2;1;;;;;;;;;2;1;;;;;;;;
516;1955;7;26;;;Carran-Los Venados;Chile-C;Chile;-40.35;-72.07;1114;Pyroclastic cone;Historical;D1;4;G;2;1;;;;;;;;;2;1;;;;;;;;
517;1955;10;13;;;Sakura-jima;Kyushu-Japan;Japan;31.58;130.67;1117;Stratovolcano;Historical;D1;3;;;1;;;;;;;;;;1;;;;;;;;
518;1956;3;30;TSU;;Bezymianny;Kamchatka;Russia;55.978;160.587;2882;Stratovolcano;Historical;D1;5;;;;;;;;;;;;;;;;;;;;;
519;1957;3;11;;EQ;Vsevidof;Aleutian Is;United States;53.13;-168.68;2149;Stratovolcano;Historical;D3;2;;;;;;;;;;;;;;;;;;;;;
520;1957;7;;;;Unzen;Kyushu-Japan;Japan;32.75;130.3;1500;Complex volcano;Historical;D1;;m;13;1;;;;;;;;;13;1;;;;;;;;
521;1957;8;;;;Oshima;Izu Is-Japan;Japan;34.73;139.38;758;Stratovolcano;Historical;D1;2;T;1;1;;;53;2;;;;;1;1;;;53;2;;;;
522;1957;10;;;;Aso;Kyushu-Japan;Japan;32.88;131.1;1592;Caldera;Historical;D1;2;T;12;1;;;;;;;;;12;1;;;;;;;;
523;1958;7;12;;;Mahawu;Sulawesi-Indonesia;Indonesia;1.358;124.858;1324;Stratovolcano;Historical;D1;2;M;1;1;;;10;1;;;;;1;1;;;10;1;;;;
524;1958;7;21;;;Daisetsu;Hokkaido-Japan;Japan;43.68;142.88;2290;Stratovolcano;Tephrochronology;D6;;G;2;1;;;;;;;;;2;1;;;;;;;;
525;1958;10;7;TSU;;Kuwae;Vanuatu-SW Pacific;Vanuatu;-16.829;168.536;-2;Caldera;Historical;D1;2;;;;;;;;;;;;;;;;;;;;;
526;1960;5;25;TSU;EQ;Puyehue;Chile-C;Chile;-40.59;-72.117;2236;Stratovolcano;Holocene;U;3;;;;;;;;;;;;;;;;;;;;;
527;1961;1;25;;;Calbuco;Chile-S;Chile;-41.326;-72.614;2003;Stratovolcano;Historical;D2;3;;;;;;;;;1;;;;;;;;;;;;
528;1961;4;23;;;Tate-yama;Honshu-Japan;Japan;36.57;137.6;2621;Stratovolcano;Historical;D3;;G;1;1;;;;;;;;;1;1;;;;;;;;
529;1961;5;8;;;Merapi;Java;Indonesia;-7.542;110.442;2947;Stratovolcano;Historical;D1;3;P;6;1;;;6;1;;2;;3;6;1;;;6;1;;2;;3
530;1961;6;18;;;Daisetsu;Hokkaido-Japan;Japan;43.68;142.88;2290;Stratovolcano;Tephrochronology;D6;;G;2;1;;;;;;;;;2;1;;;;;;;;
531;1961;8;18;;;Asama;Honshu-Japan;Japan;36.4;138.53;2560;Complex volcano;Historical;D1;2;T;1;1;;;;;;;;;1;1;;;;;;;;
532;1962;6;29;;;Tokachi;Hokkaido-Japan;Japan;43.42;142.68;2077;Stratovolcano;Historical;D1;3;T;5;1;;;11;1;;;;;5;1;;;11;1;;;;
533;1962;10;;;;Merapi;Java;Indonesia;-7.542;110.442;2947;Stratovolcano;Historical;D1;;m;2;1;;;;;;;;;2;1;;;;;;;;
534;1962;12;31;;;Gamalama;Halmahera-Indonesia;Indonesia;0.8;127.325;1715;Stratovolcano;Historical;D1;2;;5;1;;;5;1;;;;;5;1;;;5;1;;;;
535;1963;3;17;;;Irazu;Costa Rica;Costa Rica;9.979;-83.852;3432;Stratovolcano;Historical;D1;3;T;15;1;;;;;;;;;15;1;;;;;;;;
536;1963;3;18;TSU;;Agung;Lesser Sunda Is;Indonesia;-8.342;115.508;3142;Stratovolcano;Historical;D1;5;P,T,M,A;1028;4;;3;624;3;;;;;1028;4;;3;624;3;;;;
537;1963;5;5;;;Semeru;Java;Indonesia;-8.108;112.92;3676;Stratovolcano;Historical;D1;2;T;1;1;;;;;;;;;1;1;;;;;;;;
538;1963;5;16;;EQ;Agung;Lesser Sunda Is;Indonesia;-8.342;115.508;3142;Stratovolcano;Historical;D1;3;;120;2;;;;;;;;;120;2;;;;;;;;
539;1963;5;21;;;Villarrica;Chile-C;Chile;-39.42;-71.93;2847;Stratovolcano;Historical;D1;2;M;;1;;;;;;;;;;1;;;;;;;;
540;1963;9;5;;;Batur;Lesser Sunda Is;Indonesia;-8.242;115.375;1717;Caldera;Historical;D1;2;;2;1;;;;;;;;1;2;1;;;;;;;;1
541;1963;9;28;;;Fuego;Guatemala;Guatemala;14.473;-90.88;3763;Stratovolcano;Historical;D1;3;M;7;1;;;;;;;;;7;1;;;;;;;;
542;1963;12;10;;;Irazu;Costa Rica;Costa Rica;9.979;-83.852;3432;Stratovolcano;Historical;D1;3;M,T;40;1;;;;1;;2;400;3;40;1;;;;1;;2;400;3
543;1964;1;1;;;Paluweh;Lesser Sunda Is;Indonesia;-8.32;121.708;875;Stratovolcano;Historical;D1;2;;1;1;;;3;1;;;;;1;1;;;3;1;;;;
544;1964;3;3;;;Villarrica;Chile-C;Chile;-39.42;-71.93;2847;Stratovolcano;Historical;D1;2;M;25;1;;;;;;;;;25;1;;;;;;;;
545;1964;12;13;;;Dieng Volc Complex;Java;Indonesia;-7.2;109.92;2565;Complex volcano;Historical;D1;1;;114;3;;;;;;;;;114;3;;;;;;;;
546;1965;9;28;TSU;;Taal;Luzon-Philippines;Philippines;14.002;120.993;400;Stratovolcano;Historical;D1;4;P,W;355;3;;;;;;1;;1;355;3;;;;;;1;;1
547;1966;1;13;TSU;;Tinakula;Santa Cruz Is-SW Pac;Solomon Is.;-10.38;165.8;851;Stratovolcano;Historical;D1;3;;;;;;;;;;;;;;;;;;;;;
548;1966;4;26;;;Kelut;Java;Indonesia;-7.93;112.308;1731;Stratovolcano;Historical;D1;4;M,m,P;215;3;78;2;86;2;;;;;215;3;78;2;86;2;;;;
549;1966;8;12;;;Awu;Sangihe Is-Indonesia;Indonesia;3.67;125.5;1320;Stratovolcano;Historical;D1;4;P,M,I;39;1;;;1000;3;;;;2;39;1;;;1000;3;;;;2
550;1966;8;14;;;Lengai, Ol Doinyo;Africa-E;Tanzania;-2.751;35.902;2890;Stratovolcano;Historical;D1;4;;;;;;;;;1;;;;;;;;;;1;;
551;1967;7;8;;;Lengai, Ol Doinyo;Africa-E;Tanzania;-2.751;35.902;2890;Stratovolcano;Historical;D1;3;;;;;;;;;1;;;;;;;;;;1;;
552;1967;8;31;;;Semeru;Java;Indonesia;-8.108;112.92;3676;Stratovolcano;Historical;D1;3;M;3;1;;;;;;1;;;3;1;;;;;;1;;
553;1967;12;4;TSU;;Deception Island;Antarctica;Antarctica;-62.97;-60.65;576;Caldera;Historical;D1;3;;;;;;;;;;;;;;;;;;;;;
554;1968;4;21;;;Mayon;Luzon-Philippines;Philippines;13.257;123.685;2462;Stratovolcano;Historical;D1;3;M,P;6;1;;;;;;;;;6;1;;;;;;;;
555;1968;7;29;;;Arenal;Costa Rica;Costa Rica;10.463;-84.703;1657;Stratovolcano;Historical;D1;3;P,T;80;2;;;;;;;;;80;2;;;;;;;;
556;1969;1;7;;;Merapi;Java;Indonesia;-7.542;110.442;2947;Stratovolcano;Historical;D1;2;P;3;1;;;;;;;;;3;1;;;;;;;;
557;1969;1;28;;;Iya;Lesser Sunda Is;Indonesia;-8.88;121.63;637;Stratovolcano;Historical;D1;3;T,m;2;1;;;10;1;;;287;3;2;1;;;10;1;;;287;3
558;1969;3;21;TSU;;Didicas;Luzon-N of;Philippines;19.077;122.202;244;Compound volcano;Historical;D1;2;W;;;;;;;;;;;3;1;;;;;;;;
559;1969;8;26;;;Narugo;Honshu-Japan;Japan;38.73;140.73;462;Caldera;Historical;D6;;G;1;1;;;;;;;;;1;1;;;;;;;;
560;1970;3;2;;;Campi Flegrei;Italy;Italy;40.827;14.139;458;Caldera;Historical;D5;;S;3;1;;;;;;1;;1;3;1;;;;;;1;;1
561;1970;5;5;;;Hekla;Iceland-S;Iceland;63.98;-19.7;1491;Stratovolcano;Historical;D1;3;;;;;;;;;1;;;;;;;;;;1;;
562;1971;8;12;;;Hudson, Cerro;Chile-S;Chile;-45.9;-72.97;1905;Stratovolcano;Historical;D1;3;M;5;1;;;;;;;;;3;1;;;;;;;;
563;1971;9;6;TSU;;Tinakula;Santa Cruz Is-SW Pac;Solomon Is.;-10.38;165.8;851;Stratovolcano;Historical;D1;2;;;;;;;;;;;;;;;;;;;;;
564;1971;9;14;;;Fuego;Guatemala;Guatemala;14.473;-90.88;3763;Stratovolcano;Historical;D1;3;M,T;10;1;;;;;;;;;10;1;;;;;;;;
565;1971;10;26;;;La Palma;Canary Is;Spain;28.58;-17.83;2426;Stratovolcano;Historical;D1;2;;;1;;;;;;1;;;;1;;;;;;1;;
566;1971;10;29;;;Villarrica;Chile-C;Chile;-39.42;-71.93;2847;Stratovolcano;Historical;D1;2;M;15;1;;;;;;;;;15;1;;;;;;;;
567;1971;12;27;;;Kusatsu-Shirane;Honshu-Japan;Japan;36.62;138.55;2176;Stratovolcano;Historical;D1;;G;6;1;;;;;;;;;6;1;;;;;;;;
568;1972;6;9;;;Fournaise, Piton de la;Indian O-W;Reunion;-21.229;55.713;2631;Shield volcano;Historical;D1;2;I;3;1;;;;;;;;;3;1;;;;;;;;
569;1972;10;2;;;Hakone;Honshu-Japan;Japan;35.22;139.02;1438;Complex volcano;Radiocarbon;D7;;;2;1;;;;;;;;;2;1;;;;;;;;
570;1972;10;9;TSU;;Ritter Island;New Guinea-NE of;Papua New Guinea;-5.52;148.121;140;Stratovolcano;Historical;D1;1;;;;;;;;;;;;;;;;;;;;;
571;1973;1;27;;;Vestmannaeyjar;Iceland-S;Iceland;63.43;-20.28;279;Submarine volcano;Historical;D1;3;G;1;1;;;;;;;;;1;1;;;;;;;;
572;1973;1;;;;Paluweh;Lesser Sunda Is;Indonesia;-8.32;121.708;875;Stratovolcano;Historical;D1;3;;;;;;;;;1;;1;;;;;;;;1;;1
573;1973;4;5;;;Hudson, Cerro;Chile-S;Chile;-45.9;-72.97;1905;Stratovolcano;Historical;D1;;M;2;1;;;;;;1;;1;2;1;;;;;;1;;1
574;1973;12;5;;;Iliwerung;Lesser Sunda Is;Indonesia;-8.54;123.59;1018;Complex volcano;Historical;D1;2;W;2;1;;;;;;;;;2;1;;;;;;;;
575;1974;2;11;;;Karangetang [Api Siau];Sangihe Is-Indonesia;Indonesia;2.78;125.48;1784;Stratovolcano;Historical;D1;3;A;4;1;;;;;;;;;4;1;;;;;;;;
576;1974;6;17;;;Sakura-jima;Kyushu-Japan;Japan;31.58;130.67;1117;Stratovolcano;Historical;D1;3;M;3;1;;;;;;;;;3;1;;;;;;;;
577;1974;7;28;;;Niigata-Yake-yama;Honshu-Japan;Japan;36.92;138.03;2400;Lava dome;Historical;D1;2;T;3;1;;;;;;;;;3;1;;;;;;;;
578;1974;8;9;;;Sakura-jima;Kyushu-Japan;Japan;31.58;130.67;1117;Stratovolcano;Historical;D1;3;M;5;1;;;;;;;;;5;1;;;;;;;;
579;1974;10;10;;;Fuego;Guatemala;Guatemala;14.473;-90.88;3763;Stratovolcano;Historical;D1;4;T,M;;1;;;;;;2;;3;;1;;;;;;2;;3
580;1974;10;17;TSU;;Ritter Island;New Guinea-NE of;Papua New Guinea;-5.52;148.121;140;Stratovolcano;Historical;D1;1;;;;;;;;;;;;;;;;;;;;;
581;1974;10;22;;;Merapi;Java;Indonesia;-7.542;110.442;2947;Stratovolcano;Historical;D1;2;M;9;1;;;;;;;6;1;9;1;;;;;;;6;1
582;1975;1;;;;Marapi;Sumatra;Indonesia;-0.381;100.473;2891;Complex volcano;Historical;D1;2;M;80;2;;;;;;3;;3;80;2;;;;;;3;;3
583;1975;6;17;;;Arenal;Costa Rica;Costa Rica;10.463;-84.703;1657;Stratovolcano;Historical;D1;3;;2;1;;;;1;;;;;2;1;;;;1;;;;
584;1975;11;29;TSU;EQ;Kilauea;Hawaiian Is;United States;19.425;-155.292;1222;Shield volcano;Historical;D1;0;W;;;;;;;;;;;2;1;;;;1;4;2;;
585;1976;8;3;;;Kusatsu-Shirane;Honshu-Japan;Japan;36.62;138.55;2176;Stratovolcano;Historical;D1;;G;3;1;;;;;;;;;3;1;;;;;;;;
586;1976;8;12;;;Sangay;Ecuador;Ecuador;-2.03;-78.33;5230;Stratovolcano;Historical;D1;3;T;2;1;;;4;1;;;;;2;1;;;4;1;;;;
587;1976;8;31;;;Semeru;Java;Indonesia;-8.108;112.92;3676;Stratovolcano;Historical;D1;2;M;119;3;;;;;;;;;119;3;;;;;;;;
588;1976;9;15;;;Karangetang [Api Siau];Sangihe Is-Indonesia;Indonesia;2.78;125.48;1784;Stratovolcano;Historical;D1;2;P;1;1;;;1;1;;;24;1;1;1;;;1;1;;;24;1
589;1976;11;25;;;Merapi;Java;Indonesia;-7.542;110.442;2947;Stratovolcano;Historical;D1;2;M;29;1;;;;;;;;;29;1;;;;;;;;
590;1977;1;10;;;Nyiragongo;Africa-C;Congo, DRC;-1.52;29.25;3470;Stratovolcano;Historical;D1;1;L;;2;;;;;;3;;;;2;;;;;;3;;
591;1977;4;5;;;Karthala;Indian O-W;Comoros;-11.75;43.38;2361;Shield volcano;Historical;D1;0;;;1;;;;;;1;;;;1;;;;;;1;;
592;1977;4;27;;;Krafla;Iceland-NE;Iceland;65.73;-16.78;650;Caldera;Historical;D1;1;;;;;;;;;1;;;;;;;;;;1;;
593;1977;8;2;;;Kliuchevskoi;Kamchatka;Russia;56.057;160.638;4835;Stratovolcano;Historical;D1;3;T;1;1;;;;;;;;;1;1;;;;;;;;
594;1977;8;7;;;Usu;Hokkaido-Japan;Japan;42.53;140.83;731;Stratovolcano;Historical;D1;3;I;3;1;;;;;;;;;3;1;;;;;;;;
595;1978;1;13;;;Usu;Hokkaido-Japan;Japan;42.53;140.83;731;Stratovolcano;Historical;D1;3;m;3;1;;;2;1;;;;;3;1;;;2;1;;;;
596;1978;7;29;;;Bulusan;Luzon-Philippines;Philippines;12.77;124.05;1565;Stratovolcano;Historical;D1;2;;;;;;;;;1;;;;;;;;;;1;;
597;1978;9;2;;;Santa Maria;Guatemala;Guatemala;14.756;-91.552;3772;Stratovolcano;Historical;D1;3;M;1;1;;;;;;;;;1;1;;;;;;;;
598;1978;9;19;;;Semeru;Java;Indonesia;-8.108;112.92;3676;Stratovolcano;Historical;D1;3;M;12;1;;;;;;;;;12;1;;;;;;;;
599;1978;;;;;Tangkubanparahu;Java;Indonesia;-6.77;107.6;2084;Stratovolcano;Historical;D1;;I;3;1;;;;;;;;;3;1;;;;;;;;
600;1979;2;20;;;Dieng Volc Complex;Java;Indonesia;-7.2;109.92;2565;Complex volcano;Historical;D1;1;G;149;3;;;;;;;;;149;3;;;;;;;;
601;1979;3;8;;;Karkar;New Guinea-NE of;Papua New Guinea;-4.649;145.964;1839;Stratovolcano;Historical;D1;2;P;2;1;;;;;;;;;2;1;;;;;;;;
602;1979;4;13;;;Soufriere St. Vincent;W Indies;St. Vincent & the Grenadines;13.33;-61.18;1220;Stratovolcano;Historical;D1;3;T,P;2;1;;;;;;;;;2;1;;;;;;;;
603;1979;7;5;;;Etna;Italy;Italy;37.734;15.004;3350;Stratovolcano;Historical;D1;2;T;9;1;;;23;1;;;;;9;1;;;23;1;;;;
604;1979;7;18;TSU;;Iliwerung;Lesser Sunda Is;Indonesia;-8.54;123.59;1018;Complex volcano;Historical;D1;;W;;;;;;;;;;;1239;4;;;32;1;;3;;3
605;1979;9;6;;;Aso;Kyushu-Japan;Japan;32.88;131.1;1592;Caldera;Historical;D1;2;T;3;1;;;11;1;;;;;3;1;;;11;1;;;;
606;1980;5;18;TSU;EQ;St. Helens;US-Washington;United States;46.2;-122.18;2549;Stratovolcano;Historical;D1;5;P,M,T;57;2;;;;;2000;4;;;61;2;;;;;2000;4;;
607;1980;8;17;;;Hekla;Iceland-S;Iceland;63.98;-19.7;1491;Stratovolcano;Historical;D1;3;;;;;;;;;1;;;;;;;;;;1;;
608;1980;12;25;;;Hood;US-Oregon;United States;45.374;-121.694;3426;Stratovolcano;Historical;D3;;m;1;1;;;;;;;;;1;1;;;;;;;;
609;1981;3;17;;;Etna;Italy;Italy;37.734;15.004;3350;Stratovolcano;Historical;D1;2;;;;;;;;10;3;;;;;;;;;;;;
610;1981;3;29;;;Semeru;Java;Indonesia;-8.108;112.92;3676;Stratovolcano;Historical;D1;3;P;1;1;;;;;;;;;1;1;;;;;;;;
611;1981;4;27;;;Alaid;Kuril Is;Russia;50.858;155.55;2339;Stratovolcano;Historical;D1;2;;;;;;;;;1;;;;;;;;;;1;;
612;1981;5;14;;;Semeru;Java;Indonesia;-8.108;112.92;3676;Stratovolcano;Historical;D1;3;m;372;3;120;3;152;3;;;;;372;3;120;3;152;3;;;;
613;1981;6;30;;;Mayon;Luzon-Philippines;Philippines;13.257;123.685;2462;Stratovolcano;Historical;D1;;m;200;3;;;;;;;;;200;3;;;;;;;;
614;1981;9;5;;;Paluweh;Lesser Sunda Is;Indonesia;-8.32;121.708;875;Stratovolcano;Historical;D1;2;P;;;;;;;;1;;1;;;;;;;;1;;1
615;1981;;;;;Vilyuchik;Kamchatka;Russia;52.68;158.3;2173;Stratovolcano;Tephrochronology;D7;;A;;1;;;;;;;;;;1;;;;;;;;
616;1982;3;29;;EQ;Chichon, El;Mexico;Mexico;17.36;-93.228;1150;Tuff cone;Historical;D1;5;P,T,M,S;1879;4;1755;4;;;3.3;2;;;1879;4;1755;4;;;3.3;2;;
617;1982;4;4;;;Chichon, El;Mexico;Mexico;17.36;-93.228;1150;Tuff cone;Historical;D1;5;P;33;1;;;;;;;;;33;1;;;;;;;;
618;1982;5;17;;;Galunggung;Java;Indonesia;-7.25;108.05;2168;Stratovolcano;Historical;D1;4;I,T;68;2;;;;;15;3;;;68;2;;;;;15;3;;
619;1982;5;27;;;Chichon, El;Mexico;Mexico;17.36;-93.228;1150;Tuff cone;Historical;D1;5;m;1;1;;;;;;;;;1;1;;;;;;;;
620;1983;3;8;;;Kliuchevskoi;Kamchatka;Russia;56.057;160.638;4835;Stratovolcano;Historical;D1;2;T;1;1;;;;;;;;;1;1;;;;;;;;
621;1983;7;23;;;Colo [Una Una];Sulawesi-Indonesia;Indonesia;-0.17;121.608;507;Stratovolcano;Historical;D1;4;;;;;;;;;2;;3;;;;;;;;2;;3
622;1983;8;17;TSU;;Iliwerung;Lesser Sunda Is;Indonesia;-8.54;123.59;1018;Complex volcano;Historical;D1;1;W;;;;;;;;;;;;;;;;;;;;
623;1983;10;3;;EQ;Miyake-jima;Izu Is-Japan;Japan;34.08;139.53;815;Stratovolcano;Historical;D1;3;;;;;;;;;1;;;;;;;;;;2;;
624;1984;8;15;;;Oku Volc Field;Africa-W;Cameroon;6.25;10.5;3011;Maar;Radiocarbon;D5;;G;37;1;;;;;;;;;37;1;;;;;;;;
625;1984;9;9;;;Mayon;Luzon-Philippines;Philippines;13.257;123.685;2462;Stratovolcano;Historical;D1;3;M;1;1;;;;;;;;;1;1;;;;;;;;
626;1984;9;14;;;On-take;Honshu-Japan;Japan;35.9;137.48;3063;Complex volcano;Historical;D1;;A;29;1;;;;;;;;;29;1;;;;;;;;
627;1984;10;16;;;Etna;Italy;Italy;37.734;15.004;3350;Stratovolcano;Historical;D1;3;S;1;1;;;;;;;;;1;1;;;;;;;;
628;1985;5;10;;;Semeru;Java;Indonesia;-8.108;112.92;3676;Stratovolcano;Historical;D1;3;A;70;2;;;;;;;;;70;2;;;;;;;;
629;1985;11;13;;;Ruiz;Colombia;Colombia;4.895;-75.322;5321;Stratovolcano;Historical;D1;3;M;23080;4;;;10000;4;;;;;23080;4;;;10000;4;;;;
630;1985;12;19;;;Etna;Italy;Italy;37.734;15.004;3350;Stratovolcano;Historical;D1;1;S;1;1;;;;;;;;;1;1;;;;;;;;
631;1986;5;8;;;Akita-Yake-yama;Honshu-Japan;Japan;39.97;140.77;1366;Complex volcano;Historical;D1;;G;1;1;;;;;;;;;1;1;;;;;;;;
632;1986;7;24;;;Stromboli;Italy;Italy;38.789;15.213;926;Stratovolcano;Historical;D1;2;T;1;1;;;;;;;;;1;1;;;;;;;;
633;1986;8;21;;;Oku Volc Field;Africa-W;Cameroon;6.25;10.5;3011;Maar;Radiocarbon;D5;3;G;1700;4;;;300;3;;;;;1700;4;;;300;3;;;;
634;1986;10;15;;;Merapi;Java;Indonesia;-7.542;110.442;2947;Stratovolcano;Historical;D1;2;M;1;1;;;;;;;;;1;1;;;;;;;;
635;1986;11;15;;;Oshima;Izu Is-Japan;Japan;34.73;139.38;758;Stratovolcano;Historical;D1;3;I;1;1;;;;;;;;;1;1;;;;;;;;
636;1987;1;25;;;Pacaya;Guatemala;Guatemala;14.381;-90.601;2552;Complex volcano;Historical;D1;3;;;;;;15;1;;1;63;2;;;;;15;1;;1;63;2
637;1987;4;17;;;Etna;Italy;Italy;37.734;15.004;3350;Stratovolcano;Historical;D1;2;T;2;1;;;7;1;;;;;2;1;;;7;1;;;;
638;1987;12;1;;EQ;Sirung;Lesser Sunda Is;Indonesia;-8.51;124.148;862;Complex volcano;Historical;D1;;;;;;;;;;;;;125;3;;;;3;5;3;237;3
639;1988;5;9;;;Banda Api;Banda Sea;Pacific Ocean;-4.525;129.871;640;Caldera;Historical;D1;3;T,L;4;1;;;;;;;;;4;1;;;;;;;;
640;1988;7;6;;;Arenal;Costa Rica;Costa Rica;10.463;-84.703;1657;Stratovolcano;Historical;D1;3;T;1;1;;;;;;;;;1;1;;;;;;;;
641;1988;7;30;;;Semeru;Java;Indonesia;-8.108;112.92;3676;Stratovolcano;Historical;D1;3;T;1;1;;;;;;;;;1;1;;;;;;;;
642;1988;12;25;;;Lonquimay;Chile-C;Chile;-38.377;-71.58;2865;Stratovolcano;Historical;D1;3;T;1;1;;;;;;;;;1;1;;;;;;;;
643;1988;;;;;Akita-Yake-yama;Honshu-Japan;Japan;39.97;140.77;1366;Complex volcano;Historical;D1;;I;3;1;;;;;;;;;3;1;;;;;;;;
644;1989;2;12;;;Aso;Kyushu-Japan;Japan;32.88;131.1;1592;Caldera;Historical;D1;;G;1;1;;;;;;;;;1;1;;;;;;;;
645;1989;8;26;;;Kirishima;Kyushu-Japan;Japan;31.93;130.87;1700;Shield volcano;Historical;D1;;G;2;1;;;;;;;;;2;1;;;;;;;;
646;1990;2;2;;;Shiveluch;Kamchatka;Russia;56.653;161.36;3283;Stratovolcano;Historical;D1;3;;;;;;;;;1;;;;;;;;;;1;;
647;1990;2;10;;;Kelut;Java;Indonesia;-7.93;112.308;1731;Stratovolcano;Historical;D1;4;T,P;32;1;;;;;;;;;32;1;;;;;;;;
648;1990;3;26;;;Aso;Kyushu-Japan;Japan;32.88;131.1;1592;Caldera;Historical;D1;2;G;1;1;;;;;;;;;1;1;;;;;;;;
649;1990;4;18;;;Aso;Kyushu-Japan;Japan;32.88;131.1;1592;Caldera;Historical;D1;2;G;1;1;;;;;;;;;1;1;;;;;;;;
650;1990;5;29;;;Sabancaya;Peru;Peru;-15.78;-71.85;5967;Stratovolcano;Historical;D1;3;;;;;;;;;1;;;;;;;;;;1;;
651;1990;6;24;;;Rabaul;New Britain-SW Pac;Papua New Guinea;-4.271;152.203;688;Pyroclastic shield;Historical;D1;;G;6;1;;;;;;;;;6;1;;;;;;;;
652;1990;7;19;;;Santa Maria;Guatemala;Guatemala;14.756;-91.552;3772;Stratovolcano;Historical;D1;3;T;4;1;;;;;;;;;4;1;;;;;;;;
653;1990;10;19;;;Aso;Kyushu-Japan;Japan;32.88;131.1;1592;Caldera;Historical;D1;2;G;1;1;;;;;;;;;1;1;;;;;;;;
654;1990;11;21;;;Nyiragongo;Africa-C;Congo, DRC;-1.52;29.25;3470;Stratovolcano;Historical;D1;;S;1;1;;;;;;;;;1;1;;;;;;;;
655;1990;11;25;;;Kelut;Java;Indonesia;-7.93;112.308;1731;Stratovolcano;Historical;D1;;m;4;1;;;;;;;;;4;1;;;;;;;;
656;1991;6;3;;;Unzen;Kyushu-Japan;Japan;32.75;130.3;1500;Complex volcano;Historical;D1;1;P;43;1;;;;;;;;;43;1;;;;;;;;
657;1991;6;15;;EQ;Pinatubo;Luzon-Philippines;Philippines;15.13;120.35;1486;Stratovolcano;Historical;D1;6;P,m,I;350;3;;;4;1;;3;;;800;3;;;4;1;;3;;
658;1991;6;;;;Mutnovsky;Kamchatka;Russia;52.453;158.195;2322;Complex volcano;Historical;D2;;I;1;1;;;;;;;;;1;1;;;;;;;;
659;1991;7;3;;;Karthala;Indian O-W;Comoros;-11.75;43.38;2361;Shield volcano;Historical;D1;2;;;;;;;;;1;;;;;;;;;;1;;
660;1991;8;8;;;Hudson, Cerro;Chile-S;Chile;-45.9;-72.97;1905;Stratovolcano;Historical;D1;5;;;;;;;;;1;;;;;;;;;;1;;
661;1991;10;24;;;Lokon-Empung;Sulawesi-Indonesia;Indonesia;1.358;124.792;1580;Stratovolcano;Historical;D1;1;T,P;1;1;;;;;;;;;1;1;;;;;;;;
662;1991;12;14;;;Etna;Italy;Italy;37.734;15.004;3350;Stratovolcano;Historical;D1;2;;;;;;;;2.5;2;;;;;;;;;2.5;2;;
663;1992;1;21;;;Karangetang [Api Siau];Sangihe Is-Indonesia;Indonesia;2.78;125.48;1784;Stratovolcano;Historical;D1;2;M;2;1;;;;;;;;;2;1;;;;;;;;
664;1992;3;18;;;Dieng Volc Complex;Java;Indonesia;-7.2;109.92;2565;Complex volcano;Historical;D1;;G;1;1;;;2;1;;;;;1;1;;;2;1;;;;
665;1992;4;10;;;Negro, Cerro;Nicaragua;Nicaragua;12.506;-86.702;728;Cinder cone;Historical;D1;3;T,I;11;1;;;50;1;3;2;;1;11;1;;;50;1;3;2;;1
666;1992;5;11;;;Karangetang [Api Siau];Sangihe Is-Indonesia;Indonesia;2.78;125.48;1784;Stratovolcano;Historical;D1;1;P;6;1;;;1;1;;;;;6;1;;;1;1;;;;
667;1992;7;5;;;Marapi;Sumatra;Indonesia;-0.381;100.473;2891;Complex volcano;Historical;D1;2;T;1;1;;;5;1;;;;;1;1;;;5;1;;;;
668;1992;7;12;;;Pinatubo;Luzon-Philippines;Philippines;15.13;120.35;1486;Stratovolcano;Historical;D1;1;m;6;1;;;;;;;;;6;1;;;;;;;;
669;1992;9;17;;;Spurr;Alaska-SW;United States;61.3;-152.25;3374;Stratovolcano;Historical;D1;4;I;1;1;;;;;2;2;;;1;1;;;;;2;2;;
670;1992;;;;;Semeru;Java;Indonesia;-8.108;112.92;3676;Stratovolcano;Historical;D1;3;T;3;1;;;;;;;;;3;1;;;;;;;;
671;1993;1;14;;;Galeras;Colombia;Colombia;1.22;-77.37;4276;Complex volcano;Historical;D1;2;T;9;1;;;;;;;;;9;1;;;;;;;;
672;1993;1;21;;;Wurlali;Banda Sea;Indonesia;-7.125;128.675;868;Stratovolcano;Historical;D3;;m;1;1;;;12;1;;;;;1;1;;;12;1;;;;
673;1993;2;2;;;Mayon;Luzon-Philippines;Philippines;13.257;123.685;2462;Stratovolcano;Historical;D1;2;P;75;2;;;;;;;;;75;2;;;;;;;;
674;1993;3;12;;;Guagua Pichincha;Ecuador;Ecuador;-0.171;-78.598;4784;Stratovolcano;Historical;D1;1;T;2;1;;;;;;;;;2;1;;;;;;;;
675;1993;4;19;;;Kilauea;Hawaiian Is;United States;19.425;-155.292;1222;Shield volcano;Historical;D1;;A;1;1;;;22;1;;;;;1;1;;;22;1;;;;
676;1993;6;13;;;Krakatau;Indonesia;Indonesia;-6.102;105.423;813;Caldera;Historical;D1;1;T;1;1;;;5;1;;;;;1;1;;;5;1;;;;
677;1993;6;23;;;Unzen;Kyushu-Japan;Japan;32.75;130.3;1500;Complex volcano;Historical;D1;1;P;1;1;;;;;;;;1;1;1;;;;;;;;1
678;1993;6;26;;;Pinatubo;Luzon-Philippines;Philippines;15.13;120.35;1486;Stratovolcano;Historical;D1;1;m;4;1;;;;;;;;;4;1;;;;;;;;
679;1993;10;4;;;Pinatubo;Luzon-Philippines;Philippines;15.13;120.35;1486;Stratovolcano;Historical;D1;;m;14;1;;;;;;;;;14;1;;;;;;;;
680;1994;1;15;;;Yasur;Vanuatu-SW Pacific;Vanuatu;-19.52;169.425;361;Stratovolcano;Historical;D1;3;T;1;1;;;;;;;;;1;1;;;;;;;;
681;1994;2;3;;;Semeru;Java;Indonesia;-8.108;112.92;3676;Stratovolcano;Historical;D1;3;P;6;1;;;;;;;;;6;1;;;;;;;;
682;1994;5;29;;;Aso;Kyushu-Japan;Japan;32.88;131.1;1592;Caldera;Historical;D1;1;G;1;1;;;;;;;;;1;1;;;;;;;;
683;1994;6;6;;;Huila;Colombia;Colombia;2.92;-76.05;5365;Stratovolcano;Historical;D5;;m;;;;;;;;;;;650;3;;;;;2.4;2;200;3
684;1994;9;19;TSU;;Rabaul;New Britain-SW Pac;Papua New Guinea;-4.271;152.203;688;Pyroclastic shield;Historical;D1;3;T;4;1;;;;;35;4;;;4;1;;;;;35;4;;
685;1994;11;3;;;Rinjani;Lesser Sunda Is;Indonesia;-8.42;116.47;3726;Stratovolcano;Historical;D1;3;m;31;1;;;;;;;;;31;1;;;;;;;;
686;1994;11;22;;;Merapi;Java;Indonesia;-7.542;110.442;2947;Stratovolcano;Historical;D1;3;;60;2;;;;;;;;;60;2;;;;;;;;
687;1995;2;4;;;Yasur;Vanuatu-SW Pacific;Vanuatu;-19.52;169.425;361;Stratovolcano;Historical;D1;3;T;2;1;;;;;;;;;2;1;;;;;;;;
688;1995;2;11;;;Yake-dake;Honshu-Japan;Japan;36.22;137.58;2455;Stratovolcano;Historical;D1;1;T;4;1;;;;;;;;;4;1;;;;;;;;
689;1995;4;2;;;Fogo;Cape Verde Is;Cape Verde;14.95;-24.35;2829;Stratovolcano;Historical;D1;2;;;;;;20;1;;1;10;1;;;;;20;1;;1;10;1
690;1995;4;7;;;Pacaya;Guatemala;Guatemala;14.381;-90.601;2552;Complex volcano;Historical;D1;3;M;1;1;;;;;;1;1;1;1;1;;;;;;1;1;1
691;1995;5;15;;;Kelimutu;Lesser Sunda Is;Indonesia;-8.758;121.83;1640;Complex volcano;Historical;D1;;;1;1;;;;;;;;;1;1;;;;;;;;
692;1995;9;6;;;Parker;Mindanao-Philippines;Philippines;6.12;124.892;1824;Stratovolcano;Historical;D5;;;60;2;;;;;;2;300;3;60;2;;;;;;2;300;3
693;1996;1;2;TSU;;Karymsky;Kamchatka;Russia;54.05;159.43;1536;Stratovolcano;Historical;D1;2;;;;;;;;;;;;;;;;;;;;;
694;1996;4;30;;;Popocatepetl;Mexico;Mexico;19.023;-98.622;5426;Stratovolcano;Historical;D1;3;;5;1;;;;;;1;;;5;1;;;;;;1;;
695;1996;8;10;;;Kanlaon;Philippines-C;Philippines;10.412;123.132;2435;Stratovolcano;Historical;D1;2;T;3;1;;;18;1;;;;;3;1;;;18;1;;;;
696;1996;9;27;;;Maderas;Nicaragua;Nicaragua;11.446;-85.515;1394;Stratovolcano;Holocene;U;;m;6;1;;;;1;;;;;6;1;;;;1;;;;
697;1996;9;30;;;Grimsvotn;Iceland-NE;Iceland;64.42;-17.33;1725;Caldera;Historical;D1;3;;;;;;;;;1;;;;;;;;;;1;;
698;1996;12;3;;;Manam;New Guinea-NE of;Papua New Guinea;-4.1;145.061;1807;Stratovolcano;Historical;D1;3;P;13;1;;;29;1;;;;;13;1;;;29;1;;;;
699;1997;1;14;;;Merapi;Java;Indonesia;-7.542;110.442;2947;Stratovolcano;Historical;D1;2;;6;1;;;;1;;;;;6;1;;;;1;;;;
700;1997;4;17;;;Karangetang [Api Siau];Sangihe Is-Indonesia;Indonesia;2.78;125.48;1784;Stratovolcano;Historical;D1;1;P;3;1;;;;;;;;;3;1;;;;;;;;
701;1997;6;25;;;Soufriere Hills;W Indies;Montserrat;16.72;-62.18;915;Stratovolcano;Historical;D1;3;P;22;1;1;;;;;;;;22;1;;;;;;;;
702;1997;7;12;;;Hakkoda Group;Honshu-Japan;Japan;40.65;140.88;1585;Stratovolcano;Holocene;U;;G;3;1;;;;;;;;;3;1;;;;;;;;
703;1997;8;1;;;Soufriere Hills;W Indies;Montserrat;16.72;-62.18;915;Stratovolcano;Historical;D1;3;;2;1;;;;;;;;;2;1;;;;;;;;
704;1997;9;2;;;Semeru;Java;Indonesia;-8.108;112.92;3676;Stratovolcano;Historical;D1;3;T;2;1;;;;;;;;;2;1;;;;;;;;
705;1997;9;15;;;Adatara;Honshu-Japan;Japan;37.62;140.28;1718;Stratovolcano;Historical;D1;;G;4;1;;;;;;;;;4;1;;;;;;;;
706;1997;11;23;;;Aso;Kyushu-Japan;Japan;32.88;131.1;1592;Caldera;Historical;D1;;G;2;1;;;;;;;;;2;1;;;;;;;;
707;1997;12;26;TSU;;Soufriere Hills;W Indies;Montserrat;16.72;-62.18;915;Stratovolcano;Historical;D1;;;;;;;;;;;;;;;;;;;;;;
708;1998;4;28;;;Kilauea;Hawaiian Is;United States;19.425;-155.292;1222;Shield volcano;Historical;D1;;L;1;1;;;;;;;;;;;;;;;;;;
709;1998;7;;;;Kelut;Java;Indonesia;-7.93;112.308;1731;Stratovolcano;Historical;D1;;m;10;1;;;;;;;;;10;1;;;;;;;;
710;1998;10;30;;;San Cristobal;Nicaragua;Nicaragua;12.702;-87.004;1745;Stratovolcano;Historical;D1;;m;1620;4;;;;;;;;;1620;4;;;;;;;;
711;1999;1;20;TSU;;Soufriere Hills;W Indies;Montserrat;16.72;-62.18;915;Stratovolcano;Historical;D1;3;;;;;;;;;;;;;;;;;;;;;
712;1999;5;21;;;Fuego;Guatemala;Guatemala;14.473;-90.88;3763;Stratovolcano;Historical;D1;2;;;;;;;;;;;;;;;;;;;;;
713;1999;8;15;;;Shiveluch;Kamchatka;Russia;56.653;161.36;3283;Stratovolcano;Historical;D1;4;;;;;;;;;1;;;;;;;;;;;;
714;1999;10;5;;;Guagua Pichincha;Ecuador;Ecuador;-0.171;-78.598;4784;Stratovolcano;Historical;D1;3;T;2;1;;;;;;;;;2;1;;;;;;;;
715;1999;10;16;;;Tungurahua;Ecuador;Ecuador;-1.467;-78.442;5023;Stratovolcano;Historical;D1;3;T;1;1;;;4;1;;;;;1;1;;;4;1;;;;
716;2000;6;27;TSU;EQ;Miyake-jima;Izu Is-Japan;Japan;34.08;139.53;815;Stratovolcano;Historical;D1;2;;;;;;;;;1;;;1;1;;;;3;;1;;
717;2000;7;27;;;Semeru;Java;Indonesia;-8.108;112.92;3676;Stratovolcano;Historical;D1;3;T;2;1;;;;;;;;;2;1;;;;;;;;
718;2000;8;23;;;Arenal;Costa Rica;Costa Rica;10.463;-84.703;1657;Stratovolcano;Historical;D1;3;P;2;1;;;1;1;;;;;2;1;;;1;1;;;;
719;2000;11;3;;;Kilauea;Hawaiian Is;United States;19.425;-155.292;1222;Shield volcano;Historical;D1;;G;2;1;;;;;;;;;2;1;;;;;;;;
720;2000;11;;;;Merapi;Java;Indonesia;-7.542;110.442;2947;Stratovolcano;Historical;D1;2;A;1;1;;;;;;;;;1;1;;;;;;;;
721;2001;5;14;;;Etna;Italy;Italy;37.734;15.004;3350;Stratovolcano;Historical;D1;3;;1;1;;;;;;1;;;1;1;;;;;;1;;
722;2001;7;26;;;Etna;Italy;Italy;37.734;15.004;3350;Stratovolcano;Historical;D1;2;;;;;;;;;1;;1;;;;;;;;1;;1
723;2001;8;5;;;Merapi;Java;Indonesia;-7.542;110.442;2947;Stratovolcano;Historical;D1;2;P;2;1;;;;;;;;;2;1;;;;;;;;
724;2001;10;20;;;Stromboli;Italy;Italy;38.789;15.213;926;Stratovolcano;Historical;D1;2;T;1;1;;;;;;;;;1;1;;;;;;;;
725;2002;1;3;;;Karangetang [Api Siau];Sangihe Is-Indonesia;Indonesia;2.78;125.48;1784;Stratovolcano;Historical;D1;3;M;;;;;;;;1;;1;;;;;;;;1;;1
726;2002;1;17;;;Nyiragongo;Africa-C;Congo, DRC;-1.52;29.25;3470;Stratovolcano;Historical;D1;1;;100;2;;;400;3;;3;;3;100;2;;;;3;;3;;3
727;2002;8;28;;EQ;Etna;Italy;Italy;37.734;15.004;3350;Stratovolcano;Historical;D1;3;;;;;;32;1;;2;;2;;;;;32;1;;2;;2
728;2002;11;3;;;Reventador;Ecuador;Ecuador;-0.078;-77.656;3562;Stratovolcano;Historical;D1;4;I;;1;;;;1;;1;;1;;1;;;;1;;1;;1
729;2002;12;30;TSU;;Stromboli;Italy;Italy;38.789;15.213;926;Stratovolcano;Historical;D1;;;;;;;;1;;1;;1;;;;;;1;;1;;1
730;2002;;;;;Semeru;Java;Indonesia;-8.108;112.92;3676;Stratovolcano;Historical;D1;3;T;3;1;;;;;;;;;3;1;;;;;;;;
731;2003;7;12;TSU;;Soufriere Hills;W Indies;Montserrat;16.72;-62.18;915;Stratovolcano;Historical;D1;3;;;;;;;;;;;;;;;;;;;;;
732;2004;1;29;;;Egon;Lesser Sunda Is;Indonesia;-8.67;122.45;1703;Stratovolcano;Historical;D2;1;T;1;1;;;;;;;;;1;1;;;;;;;;
733;2004;6;8;;;Tengger Caldera;Java;Indonesia;-7.942;112.95;2329;Stratovolcano;Historical;D1;2;T;2;1;;;5;1;;;;;;;;;;;;;;
734;2004;10;24;;;Manam;New Guinea-NE of;Papua New Guinea;-4.1;145.061;1807;Stratovolcano;Historical;D1;4;T;5;1;;;;;;;;;5;1;;;;;;;;
735;2005;1;27;;;Manam;New Guinea-NE of;Papua New Guinea;-4.1;145.061;1807;Stratovolcano;Historical;D1;4;T;1;1;;;14;1;;;;;1;1;;;14;1;;;;
736;2005;10;1;;;Santa Ana;El Salvador;El Salvador;13.853;-89.63;2365;Stratovolcano;Historical;D2;3;A;2;1;;;;1;;;;;2;1;;;;1;;;;
737;2005;11;24;;;Karthala;Indian O-W;Comoros;-11.75;43.38;2361;Shield volcano;Historical;D1;;;;1;;;;;;1;;;;1;;;;;;1;;
738;2006;3;17;;;Raoul Island;Kermadec Is;New Zealand;-29.27;-177.92;516;Stratovolcano;Historical;D1;;;1;1;;;;;;;;;1;1;;;;;;;;
739;2006;5;20;TSU;;Soufriere Hills;W Indies;Montserrat;16.72;-62.18;915;Stratovolcano;Historical;D1;2;P;;;;;;;;;;;;;;;;;;;;
740;2006;6;7;;;Bulusan;Luzon-Philippines;Philippines;12.77;124.05;1565;Stratovolcano;Historical;D1;2;;1;1;;;;;;;;;1;1;;;;;;;;
741;2006;6;14;;;Merapi;Java;Indonesia;-7.542;110.442;2947;Stratovolcano;Historical;D1;1;;2;1;;;;;;;;;2;1;;;;;;;;
742;2006;7;18;;;Tungurahua;Ecuador;Ecuador;-1.467;-78.442;5023;Stratovolcano;Historical;D1;3;;1;1;;;;;;;;;1;1;;;;;;;;
743;2006;8;17;;;Tungurahua;Ecuador;Ecuador;-1.467;-78.442;5023;Stratovolcano;Historical;D1;3;T;5;1;;2;13;1;;3;;3;6;1;;2;;2;;3;;3
744;2006;11;30;;;Mayon;Luzon-Philippines;Philippines;13.257;123.685;2462;Stratovolcano;Historical;D1;1;m;1266;4;;;;;;1;;;1266;4;;;;;;1;;
745;2007;3;;;;Manam;New Guinea-NE of;Papua New Guinea;-4.1;145.061;1807;Stratovolcano;Historical;D1;4;M;4;1;;;1;1;;;;;4;1;;;1;1;;;;
746;2007;4;18;;;Huila;Colombia;Colombia;2.92;-76.05;5365;Stratovolcano;Historical;D5;;;;;;;;;;2;;1;;;;;;;;2;;1
747;2007;7;7;;;Salak;Java;Indonesia;-6.72;106.73;2211;Stratovolcano;Historical;D2;;G;6;1;;;;;;;;;6;1;;;;;;;;
748;2007;9;30;;;Tair, Jebel at;Red Sea;Yemen;15.7;41.742;244;Stratovolcano;Historical;D3;;;7;1;;;1;1;;;;;7;1;;;;1;;;;
749;2008;5;2;;;Chaiten;Chile-S;Chile;-42.833;-72.646;962;Caldera;Holocene;D1;;;1;1;;;;;;;;;1;1;;;;;;;;
750;2008;8;8;TSU;;Kasatochi;Aleutian Is;United States;52.18;-175.5;314;Stratovolcano;Historical;D1;3;;;;;;;;;;;;;;;;;;;;;
751;2008;8;22;;;Tungurahua;Ecuador;Ecuador;-1.467;-78.442;5023;Stratovolcano;Historical;D1;3;M;2;1;;;2;1;;1;2;1;2;1;;;2;1;;1;2;1
752;2008;11;20;;;Huila;Colombia;Colombia;2.92;-76.05;5365;Stratovolcano;Historical;D5;;;10;1;;1;;1;;;;;10;1;;1;;1;;;;
753;2009;3;23;;;Redoubt;Alaska-SW;United States;60.48;-152.75;3108;Stratovolcano;Historical;D1;;;;;;;;;;1;;;;;;;;;;1;;
754;2009;11;30;;;Kilauea;Hawaiian Is;United States;19.425;-155.292;1222;Shield volcano;Historical;D1;;;;;;;;;;2;;;;;;;;;;2;;
755;2010;1;;;;Tungurahua;Ecuador;Ecuador;-1.467;-78.442;5023;Stratovolcano;Historical;D1;3;;;;;;;;;1;;;;;;;;;;1;;
756;2010;3;31;;;Eyjafjallajokull;Iceland-S;Iceland;63.63;-19.62;1666;Stratovolcano;Historical;D1;2;;2;1;;;;;;;;;2;1;;;;;;;;
757;2010;5;27;;;Pacaya;Guatemala;Guatemala;14.381;-90.601;2552;Complex volcano;Historical;D1;1;T;1;1;3;1;;;;1;3;1;1;1;3;1;;;;1;3;1
758;2010;5;29;TSU;EQ;Sarigan;Mariana Is-C Pacific;United States;16.708;145.78;538;Stratovolcano;Holocene;U;;;;;;;;;;;;;;;;;;;;;;
759;2010;8;6;;;Karangetang [Api Siau];Sangihe Is-Indonesia;Indonesia;2.78;125.48;1784;Stratovolcano;Historical;D1;3;;4;1;;;5;1;;;;1;4;1;;;5;1;;;;1
760;2010;8;30;;;Sinabung;Sumatra;Indonesia;3.17;98.392;2460;Stratovolcano;Holocene;U;;;2;1;;;;;;;;;2;1;;;;;;;;
761;2010;10;26;;;Merapi;Java;Indonesia;-7.542;110.442;2947;Stratovolcano;Historical;D1;;;367;3;;;277;3;600;4;;3;367;3;;;277;3;600;4;;3
762;2010;11;;;;Tungurahua;Ecuador;Ecuador;-1.467;-78.442;5023;Stratovolcano;Historical;D1;3;;;;;;;;;1;;;;;;;;;;1;;
763;2010;12;28;;;Tengger Caldera;Java;Indonesia;-7.942;112.95;2329;Stratovolcano;Historical;D1;;;;;;;;;;1;;;;;;;;;;;;
764;2011;1;3;;;Merapi;Java;Indonesia;-7.542;110.442;2947;Stratovolcano;Historical;D1;;M;1;1;;;1;1;;1;;;1;1;;;1;1;;1;;
765;2011;1;28;;;Kirishima;Kyushu-Japan;Japan;31.93;130.87;1700;Shield volcano;Historical;D1;;;;;;;;1;;1;;;;;;;;1;;1;;
766;2011;2;23;;;Bulusan;Luzon-Philippines;Philippines;12.77;124.05;1565;Stratovolcano;Historical;D1;2;;1;1;;;;;;;;;1;1;;;;;;;;
767;2011;3;18;;;Karangetang [Api Siau];Sangihe Is-Indonesia;Indonesia;2.78;125.48;1784;Stratovolcano;Historical;D1;;;;;;;;;;1;;;;;;;;;;1;;
768;2011;4;;;;Tungurahua;Ecuador;Ecuador;-1.467;-78.442;5023;Stratovolcano;Historical;D1;4;;;;;;;;;1;;;;;;;;;;1;;
769;2011;6;4;;;Puyehue;Chile-C;Chile;-40.59;-72.117;2236;Stratovolcano;Holocene;U;4;;;;;;;;;2;;;;;;;;;;2;;
770;2011;6;22;;;Nabro;Africa-NE;Eritrea;13.37;41.7;2218;Stratovolcano;Holocene;Unknown;3;;31;1;;;;3;;1;;;31;1;;;;3;;1;;
771;2011;7;9;;;Katla;Iceland-S;Iceland;63.63;-19.05;1512;Subglacial volcano;Historical;D2;;;;;;;;;;1;;;;;;;;;;1;;
772;2011;7;17;;;Lokon-Empung;Sulawesi-Indonesia;Indonesia;1.358;124.792;1580;Stratovolcano;Historical;D1;;;1;1;;;;;;;;;1;1;;;;;;;;
773;2011;12;27;;;Gamalama;Halmahera-Indonesia;Indonesia;0.8;127.325;1715;Stratovolcano;Historical;D1;3;m;4;1;;;;1;;;;;4;1;;;;1;;;;
774;2012;2;10;;;Kilauea;Hawaiian Is;United States;19.425;-155.292;1222;Shield volcano;Historical;D1;;;;;;;;;;2;;;;;;;;;;2;;
775;2012;3;2;;;Kilauea;Hawaiian Is;United States;19.425;-155.292;1222;Shield volcano;Historical;D1;;L;;;;;;;;1;1;1;;;;;;;;;;
776;2012;12;12;;;Tolbachik;Kamchatka;Russia;55.83;160.33;3682;Shield volcano;Historical;D1;;;;;;;;;;1;;;;;;;;;;1;;
777;2013;2;12;;;Merapi;Java;Indonesia;-7.542;110.442;2947;Stratovolcano;Historical;D1;;M;1;1;;;1;1;;1;;;1;1;;;1;1;;1;;
778;2013;2;;;;Paluweh;Lesser Sunda Is;Indonesia;-8.32;121.708;875;Stratovolcano;Historical;D1;;;;;;;;;;1;;1;;;;;;;;1;;1
779;2013;5;7;;;Mayon;Luzon-Philippines;Philippines;13.257;123.685;2462;Stratovolcano;Historical;D1;;;5;1;;;8;1;;;;;5;1;;;8;1;;;;
780;2013;8;10;;;Paluweh;Lesser Sunda Is;Indonesia;-8.32;121.708;875;Stratovolcano;Historical;D1;3;;5;1;;;;;;;;;5;1;;;;;;;;
781;2013;9;1;;;Ubinas;Peru;Peru;-16.355;-70.903;5672;Stratovolcano;Historical;D1;;;;;;;;;;1;;;;;;;;;;1;;
782;2013;9;4;;;Sakura-jima;Kyushu-Japan;Japan;31.58;130.67;1117;Stratovolcano;Historical;D1;;;;;;;;;;1;;;;;;;;;;1;;
783;2013;9;15;;;Sinabung;Sumatra;Indonesia;3.17;98.392;2460;Stratovolcano;Holocene;U;2;;;;;;;;;2;;;;;;;;;;2;;
784;2013;12;13;;;Okataina;New Zealand;New Zealand;-38.12;176.5;1111;Lava dome;Historical;D1;;G;1;1;;;;;;;;;1;1;;;;;;;;
785;2014;2;1;;;Sinabung;Sumatra;Indonesia;3.17;98.392;2460;Stratovolcano;Holocene;U;;;17;1;;;3;1;;1;;2;17;1;;;3;1;;1;;2
786;2014;2;13;;;Kelut;Java;Indonesia;-7.93;112.308;1731;Stratovolcano;Historical;D1;;;7;1;;;;;;3;4098;4;7;1;;;;;;3;4098;4
787;2014;9;27;;;On-take;Honshu-Japan;Japan;35.9;137.48;3063;Complex volcano;Historical;D1;3;;55;2;;;70;2;;;;;55;2;;;70;2;;;;
788;2014;11;10;;;Kilauea;Hawaiian Is;United States;19.425;-155.292;1222;Shield volcano;Historical;D1;;;;;;;;;14.5;3;1;1;;;;;;;14.5;3;1;1
789;2014;11;23;;;Fogo;Cape Verde Is;Cape Verde;14.95;-24.35;2829;Stratovolcano;Historical;D1;;;;;;;;;;2;230;3;;;;;;;;2;230;3
790;2014;12;18;;;Gamalama;Halmahera-Indonesia;Indonesia;0.8;127.325;1715;Stratovolcano;Historical;D1;;;1;1;;;4;1;;;;;1;1;;;4;1;;;;
791;2015;2;20;;;Sinabung;Sumatra;Indonesia;3.17;98.392;2460;Stratovolcano;Holocene;U;;;;;;;;;;1;;1;;;;;;;;1;;1
792;2015;4;22;;;Calbuco;Chile-S;Chile;-41.326;-72.614;2003;Stratovolcano;Historical;D2;;;;;;;;;;2;;2;;;;;;;;2;;2
793;2015;5;7;;;Karangetang [Api Siau];Sangihe Is-Indonesia;Indonesia;2.78;125.48;1784;Stratovolcano;Historical;D1;;;;;;;;;;1;;1;;;;;;;;1;;1
794;2015;7;31;;;Manam;New Guinea-NE of;Papua New Guinea;-4.1;145.061;1807;Stratovolcano;Historical;D1;2;;;;;;2;1;;1;;;;;;;2;1;;1;;
795;2015;10;16;;;Sinabung;Sumatra;Indonesia;3.17;98.392;2460;Stratovolcano;Holocene;U;;M;1;1;;;;;;1;;;1;1;;;;;;1;;
796;2015;10;;;;Okataina;New Zealand;New Zealand;-38.12;176.5;1111;Lava dome;Historical;D1;;I;1;1;;;;;;;;;1;1;;;;;;;;
797;2016;5;9;;;Sinabung;Sumatra;Indonesia;3.17;98.392;2460;Stratovolcano;Holocene;U;;;1;1;;;4;1;;1;3;1;1;1;;;4;1;;1;;
798;2016;5;21;;;Sinabung;Sumatra;Indonesia;3.17;98.392;2460;Stratovolcano;Holocene;U;;;7;1;;;3;1;100;4;;;7;1;;;3;1;100;4;;
799;2016;6;9;;;Yellowstone;US-Wyoming;United States;44.43;-110.67;2805;Caldera;Tephrochronology;D7;;;1;1;;;;;;;;;1;1;;;;;;;;
800;2016;9;27;;;Rinjani;Lesser Sunda Is;Indonesia;-8.42;116.47;3726;Stratovolcano;Historical;D1;;;;;44;1;;;;;;;;;44;1;;;;;;
801;2016;10;8;;;Aso;Kyushu-Japan;Japan;32.88;131.1;1592;Caldera;Historical;D1;;T;;;;;;;;1;;;;;;;;;;1;;
802;2017;3;15;;;Etna;Italy;Italy;37.734;15.004;3350;Stratovolcano;Historical;D1;;P;;;;;10;1;;;;;;;;;10;1;;;;
803;2017;4;13;;;Sinabung;Sumatra;Indonesia;3.17;98.392;2460;Stratovolcano;Holocene;U;2;P;;;;;;;;1;;2;;;;;;;;1;;2
804;2017;6;6;;;Fuego;Guatemala;Guatemala;14.473;-90.88;3763;Stratovolcano;Historical;D1;2;P;;;;;;;;2;;;;;;;;;;2;;
805;2017;7;1;;;Dieng Volc Complex;Java;Indonesia;-7.2;109.92;2565;Complex volcano;Historical;D1;;;8;1;;;11;1;;;;;8;1;;;11;1;;;;
806;2017;9;12;;;Campi Flegrei;Italy;Italy;40.827;14.139;458;Caldera;Historical;D5;;;3;1;;;;;;;;;3;1;;;;;;;;
807;2017;9;23;;;Aoba;Vanuatu-SW Pacific;Vanuatu;-15.4;167.83;1496;Shield volcano;Historical;D1;;T;;;;;;;;1;;;;;;;;;;1;;
808;2017;12;18;;;Merapi;Java;Indonesia;-7.542;110.442;2947;Stratovolcano;Historical;D1;;A;8;1;;;8;1;;;;;8;1;;;8;1;;;;
809;2017;12;27;;;Sinabung;Sumatra;Indonesia;3.17;98.392;2460;Stratovolcano;Holocene;U;;T;;;;;;;;2;;;;;;;;;;2;;
810;2018;1;5;;;Kadovar;New Guinea-NE of;Papua New Guinea;-3.62;144.62;365;Stratovolcano;Holocene;U;;T;;;;;;;;1;;;;;;;;;;1;;
811;2018;1;13;;;Mayon;Luzon-Philippines;Philippines;13.257;123.685;2462;Stratovolcano;Historical;D1;;T,P;;;;;1972;4;3.72;2;;;;;;;1972;4;3.72;2;;
812;2018;1;23;;;Kusatsu-Shirane;Honshu-Japan;Japan;36.62;138.55;2176;Stratovolcano;Historical;D1;;T;1;1;;;11;1;;1;;;1;1;;;11;1;;1;;
813;2018;2;1;;;Kilauea;Hawaiian Is;United States;19.425;-155.292;1222;Shield volcano;Historical;D1;1;G;1;1;;;3;1;;;;;1;1;;;3;1;;;;
814;2018;2;9;TSU;;Kadovar;New Guinea-NE of;Papua New Guinea;-3.62;144.62;365;Stratovolcano;Holocene;U;;W;;;;;;;;;;;;;;;;;;;;
815;2018;3;21;;;Ijen;Java;Indonesia;-8.058;114.242;2799;Stratovolcano;Historical;D1;;G;;;;;30;1;;;;;;;;;30;1;;;;
816;2018;4;28;TSU;EQ;Kilauea;Hawaiian Is;United States;19.425;-155.292;1222;Shield volcano;Historical;D1;1;L;;;;;1;1;;4;700;3;;;;;1;1;;4;700;3
817;2018;4;;;;Aoba;Vanuatu-SW Pacific;Vanuatu;-15.4;167.83;1496;Shield volcano;Historical;D1;3;T,G;4;1;;;;;;1;;1;4;1;;;;;;1;;1
818;2018;6;3;;;Fuego;Guatemala;Guatemala;14.473;-90.88;3763;Stratovolcano;Historical;D1;2;P;165;3;260;3;55;2;;3;186;3;165;3;260;3;55;2;;3;186;3
819;2018;7;16;;;Kilauea;Hawaiian Is;United States;19.425;-155.292;1222;Shield volcano;Historical;D1;;T;;;;;23;1;1;1;;;;;;;23;1;1;1;;
